:020000040800F2
:10000000880400209D0100089D850008E90800087B
:100010009B850008910400088D8B000800000000FB
:1000200000000000000000000000000049870008F8
:10003000B10600080000000025860008E7870008D8
:10004000B7010008B7010008B7010008B7010008B0
:10005000B7010008B7010008B7010008B7010008A0
:10006000B7010008B7010008B7010008B701000890
:10007000B7010008B7010008B7010008B701000880
:10008000B7010008B7010008B7010008B701000870
:10009000B7010008B7010008B7010008B701000860
:1000A000B7010008B7010008B7010008B701000850
:1000B000B7010008B7010008B7010008B701000840
:1000C000B7010008B7010008B7010008B701000830
:1000D000B7010008ED880008B70100089189000801
:1000E000B7010008B7010008B7010008B701000810
:1000F000B7010008B7010008B7010008B701000800
:10010000B7010008B7010008B7010008B7010008EF
:10011000B7010008B7010008B7010008B7010008DF
:10012000B7010008B7010008B7010008B7010008CF
:10013000B7010008B7010008B7010008B7010008BF
:10014000B7010008B7010008B7010008B7010008AF
:10015000B7010008B7010008B7010008B70100089F
:10016000B7010008B7010008B7010008B70100088F
:10017000B7010008B7010008B7010008B70100087F
:10018000B7010008B7010008DFF80CD000F082F8D2
:1001900000480047A58F00088804002006488047D3
:1001A00006480047FEE7FEE7FEE7FEE7FEE7FEE75C
:1001B000FEE7FEE7FEE7FEE7E987000889010008A1
:1001C000C1F30A5210B5C1F3130140F2FF3341F4F9
:1001D00080119A4201DA002010BD40F233439A4266
:1001E000A2F2334203DC524200F043F810BD9040CB
:1001F00010BD2DE9F05F0546002092469B468846DB
:100200000646814640241BE0284641464746224692
:1002100000F02FF853465A46C01A914110D31146A8
:100220001846224600F016F82D1A67EB01084F46D3
:1002300022460120002100F00DF817EB00094E4185
:10024000201EA4F10104DFDC484631462A4643461D
:10025000BDE8F09F202A04DB203A00FA02F10020DA
:1002600070479140C2F1200320FA03F319439040F4
:100270007047202A04DB203A21FA02F0002170475F
:1002800021FA02F3D040C2F12002914008431946FE
:1002900070470000064C074D06E0E06840F001039F
:1002A00094E8070098471034AC42F6D3FFF770FF8C
:1002B0003CAB00085CAB00080029816814BF41F02A
:1002C000010121F001018160704700000849D1F867
:1002D0000423084B1A40D0E9003C43EA0C03D0E960
:1002E00002C04CEA000018431043C1F804037047F1
:1002F00000200140E030FCFFC06C80B27047024635
:10030000002012680A4218BF0120704710B44268EA
:1003100091F804C022F4807222F040720B6842EA25
:100320000C221A43426082680C4B4C791A40D1E986
:1003300003C343EA0C03D1F808C04CEA440C43EA77
:100340000C031A438260C26A097D22F47002491EBE
:10035000C9B242EA0151C16210BC7047FDF7FFC04B
:1003600030B4072409290DD9C568A1F10A0C0CEB9A
:100370004C0C04FA0CF425EA040403FA0CF32343AE
:10038000C3600AE0056901EB410C04FA0CF425EAAC
:10039000040403FA0CF3234303611F23072A0CD23E
:1003A000D0F834C0521E02EB820293402CEA0303C1
:1003B00091401943416330BC70470D2A0CD2D0F8EC
:1003C00030C0D21F02EB820293402CEA030391401B
:1003D0001943016330BC7047D0F82CC00D3A02EBD2
:1003E000820293402CEA030391401943C16230BC5E
:1003F0007047816841F080418160704710B50121EC
:100400008CB0084608F010F90121042008F00CF91E
:100410000121080208F02CF90121480208F028F90E
:1004200060200A9003208DF82C0000248DF82F40C6
:100430000AA9154800F0B2F90121080208F024F9D0
:1004400000214FF4807008F01FF906944FF48030BB
:100450000994CDE9070406A8FFF738FF8DF804409A
:1004600000948DF80540029404940120074C8DF807
:10047000140069462046FFF749FF01212046FFF797
:100480001BFF0CB010BD0000000002400020014026
:10049000FEE7000006498A78012A18BF704700224B
:1004A0008A7004498A78497802EB012101807047FB
:1004B00010000020130000202DE9F04182B001213E
:1004C000402008F0B1F801278DF80470002678026A
:1004D0008DF8066000908DF807700220DFF89C8090
:1004E0008DF805006946404600F058F9D8F800003C
:1004F00020F44020C8F80000D8F8000040F4802024
:10050000C8F800001E4CC4F8A462142008F0D6FC01
:10051000C4F8A4721E2008F01BFDD8F800000025C6
:1005200020F44020C8F80000D8F80000C8F8000007
:1005300004E0681CC5B2012008F00AFDD4F82402CA
:1005400010B1642D04D2F4E7642D38BF002508D320
:1005500002B03846BDE8F081681CC5B2012008F041
:10056000F7FCD4F8240230B1642D38BF3046EFD206
:1005700002B0BDE8F081642DEED3E9E70018024037
:10058000000043422DE9F34F474D83B0286820F423
:1005900040202860286840F480202860434E4FF0B7
:1005A0000009C6F8A492142008F088FC4FF0010A54
:1005B000C6F8A4A21E2008F0CBFC2868002420F472
:1005C000402028602868286004E0601CC4B2012034
:1005D00008F0BEFCD6F8240210B1642C1BD2F4E75C
:1005E000642C38BF002416D204E0601CC4B2012081
:1005F00008F0AEFCD6F8240258B1642C3CBF4FF092
:100600000008EB4607D2002005464006070E0024EE
:100610000AE0642CE9D305B00120BDE8F08F601C2E
:10062000C4B2012008F094FCD6F82402002818BFB8
:10063000642CF4D3002404E0601CC4B2012008F050
:1006400087FCD6F8240208B9642CF5D3282008F0DA
:100650007FFCD6F82402002814BF50464846384391
:10066000691CCDB2082DD0D30BF8080008F10100A9
:1006700000F0FF08B8F1050FC5D39DF800109DF8F4
:1006800001009DF803300A189DF8020003441A4443
:100690009DF804309A4203D1049A117003990870AE
:1006A00005B00020BDE8F08F001802400000434272
:1006B000704700008000A0F1C0400029016812BF0F
:1006C00041F00101014A114001607047FEFF0F0037
:1006D000D0E901121143D0E903231A4311434269BF
:1006E000114382691143C2691143026A1143426A8C
:1006F0001143826A1143C26A1143026B0A430168C3
:100700008900A1F1C0410A608168082907D1016808
:100710008900A1F1C0410A6842F040020A60416BC1
:10072000D1E9002342EA03128B68B1F80CC01B0226
:1007300043EA0C431A430B8A42EA03520B7D896950
:1007400042EA0362114302689200A2F1C042516082
:10075000C16AB1F5804F08D000686FF07041800029
:10076000A0F1C040C0F804117047816BD1E90023AB
:1007700042EA03128B68B1F810C01B0243EA0C5323
:100780001A430B7D896942EA0362006811438000C5
:10079000A0F1C040C0F80411704700002DE9F0013D
:1007A000002201255FF00306D1F800C005FA02F32C
:1007B0000CEA030C9C4537D107684FEA420C06FA55
:1007C0000CF4A74307600F79D0F8008007FA0CF704
:1007D00047EA080707600F79012F18BF022F17D1CA
:1007E000876827EA040787604F79D0F8088007FAFE
:1007F0000CF747EA08078760476827EA0303436066
:1008000043688F7907FA02F7BFB243EA07034360F0
:10081000C36823EA0403C360CB7903FA0CF3D0F86E
:100820000CC043EA0C03C36002F10102102ABBD3DF
:10083000BDE8F00170474B07DB0E9A40C90800EB9A
:100840008100016A4FF00F0C0CFA03F39943016227
:10085000016A11430162704710B50A4C0146072333
:1008600001222046FFF77CFD2046FFF7C2FD022152
:100870002046FFF744FD0028F9D02046BDE810408F
:10088000FFF73ABD002001402DE9F0414FF000058F
:100890000E0007462C4618BFDFF848801DD03946A9
:1008A000072301224046FFF75BFD4046FFF7A1FD0D
:1008B00002214046FFF723FD0028F9D04046FFF70C
:1008C0001BFD010AC0B240EA01200544052008F0E2
:1008D000F5FA601CC4B2B442E1D3B5FBF6F080B2C5
:1008E000BDE8F08100200140FEE700002DE9F04363
:1008F0008046012187B0084607F096FE01211020AE
:1009000007F0B6FE02268DF8046003274FF400704E
:100910008DF805700024DFF8A49000908DF8064053
:1009200001258DF8075069464846FFF737FF8DF8D7
:100930000460A8028DF8057000908DF806408DF8CF
:10094000074069464846FFF729FF07220921484624
:10095000FFF771FF07220A214846FFF76CFFADF849
:100960000C40ADF80E40ADF81040ADF814400C202E
:10097000134CADF81200CDF8088002A9204608F00B
:10098000A1F84FF4A06007F043FE25208DF8180071
:100990008DF819508DF81A508DF81B5006A807F0E5
:1009A000FFFD012240F22551204608F072F8012196
:1009B000204608F038F807B0BDE8F0830000024098
:1009C000001001402DE9F04F374A2C251146907157
:1009D0002B2689884FF430584FF4285941F6631A72
:1009E0002A274FF0F00E45F2105B4FF448744FF495
:1009F000A07C4FF4F073E8B1A2F800C0A2F802E0C6
:100A0000594544D1A2F80880A2F80A90300290819A
:100A100014805380A1F5A640103819BFA1F5EC4011
:100A2000B0F5CB701380A2F802C00020BDE8F04FF3
:100A300007F0D2B9A2F800E0A2F802C059451BD1D4
:100A4000A2F80880A2F80A904FF42C5090811380ED
:100A5000A2F80240A1F5A640103819BFA1F5EC405C
:100A6000B0F5CB70A2F800C05380A1F5184006384D
:100A700004BF13805480D8E75145158101BF5681CA
:100A80009781138054801CBF57819681E2E75145BE
:100A90001CBFA1F51840B0F1060015815781968161
:100AA00004BF14805380B5E7740000202DE9F807D7
:100AB0008E4E01F0FF0C3546B6F804900C0AA98959
:100AC000070A6D89A9F5A04A4FF0D84300F0FF0846
:100AD000BAF5A26A48D0A9F5C85ABAF1630A7DD01E
:100AE000ADF80050BDF80000ADF80000BDF8000002
:100AF000A3F87E00ADF80070BDF80000ADF800006E
:100B0000BDF80000A3F88000ADF80080BDF800003B
:100B1000ADF80000BDF80000A3F88000ADF80010AB
:100B2000BDF80000ADF80000BDF80000A3F87E009D
:100B3000ADF80040BDF80000ADF80000BDF80000C1
:100B4000A3F88000ADF800C0BDF80000ADF80000CB
:100B5000BDF80000A3F880003089A3F87E00A3F858
:100B60008020BDE8F8077047ADF80050BDF80000E0
:100B7000ADF80000BDF80000A3F87E00ADF80070ED
:100B8000BDF80000ADF80000BDF80000A3F880003B
:100B9000681CADF80000BDF80000ADF80000BDF81D
:100BA0000000A3F87E00ADF80080BDF80000ADF8AD
:100BB0000000BDF80000A3F88000ADF80010BDF8FB
:100BC0000000ADF80000BDF80000A3F87E00ADF80D
:100BD0000040BDF80000ADF8000000E019E0BDF8ED
:100BE0000000A3F88000481CADF80000BDF800002C
:100BF000ADF80000BDF80000A3F87E00ADF800C01D
:100C0000BDF80000ADF80000BDF80000A3F88000BA
:100C1000A2E7B7791FB93788381A401E80B2ADF8FD
:100C20000050BDF80050ADF80050BDF80050A3F8DA
:100C30007E50050AADF80050BDF80070ADF80070A8
:100C4000BDF80070A3F88070C0B2ADF80000BDF828
:100C50000070ADF80070BDF80070A3F88070ADF8BA
:100C60000050BDF80050ADF80050BDF80050A3F89A
:100C70008050ADF80000BDF80000ADF80000BDF8F0
:100C80000000A3F88000ADF80010BDF80000ADF83A
:100C90000000BDF80000A3F87E00ADF80040BDF8EC
:100CA0000000ADF80000BDF80000A3F88000ADF82A
:100CB00000C0BDF80000ADF80000BDF80000A3F8CA
:100CC0008000ADF80040BDF80000ADF80000BDF8B0
:100CD0000000A3F88000ADF800C0BDF80000ADF83A
:100CE0000000BDF80000A3F8800035E77400002084
:100CF0002DE9F04FA1B0002401217A201F9407F0C4
:100D000093FC0121084607F09BFC01268DF8046046
:100D10004FF400408DF80640022500908DF80550F4
:100D20008DF807606946FE48FFF738FD8DF80450DE
:100D30004CF233708DF806404FF00309F94F0090E4
:100D40008DF805908DF8076069463846FFF726FD57
:100D50004FF6807000908DF804508DF80640032007
:100D60008DF80500DFF8C0838DF8076069464046BE
:100D7000FFF714FDE80200908DF804508DF806404E
:100D800003208DF805008DF807606946E748FFF7F6
:100D900005FDE80200908DF804508DF80640032010
:100DA0008DF805008DF807606946E148FFF7F6FC0D
:100DB0000C2200213846FFF73EFD0C220121384667
:100DC000FFF739FD0C2204213846FFF734FD0C22D1
:100DD00005213846FFF72FFD0C2208213846FFF782
:100DE0002AFD0C2209213846FFF725FD0C220A2195
:100DF0003846FFF720FD0C220E213846FFF71BFD79
:100E00000C220F213846FFF716FD0C220721404621
:100E1000FFF711FD0C2208214046FFF70CFD0C22C4
:100E200009214046FFF707FD0C220A214046FFF743
:100E300002FD0C220B214046FFF7FDFC0C2211465F
:100E40004046FFF7F8FC0C220D214046FFF7F3FC6B
:100E50000C220E214046FFF7EEFC0C220F214046EB
:100E6000FFF7E9FC0C221146B048FFF7E4FC0C2226
:100E70001146AF48FFF7DFFC0F20CDE911043C20FD
:100E8000CDE91304159409201694CDE917400820E4
:100E9000CDE919401B941C940620CDE902041D9451
:100EA0001E941020CDE9044006940002CDE90A40CA
:100EB000089407948000CDE90C40099411A8CDE96D
:100EC0000E4018A8109002A8FFF702FC012106208E
:100ED000FFF7F0FB322007F0F1FFD320ADF87C00E4
:100EE000BDF87C00ADF87C00BDF87C004FF0D84424
:100EF000A4F87E00B4F88000ADF87C00BDF87C005A
:100F00008C49B4F88000ADF87C00BDF87C00B4F8E2
:100F10008000ADF87C00BDF87C004FF6FF7202EA5D
:100F20000020B4F88020ADF87C20BDF87C20104370
:100F30008880A0F51341413900F046810420ADF8C6
:100F40007C00BDF87C00ADF87C00BDF87C00A4F806
:100F50007E00B4F88000ADF87C00BDF87C00754FD1
:100F6000B4F88000ADF87C00BDF87C00B4F88000D7
:100F7000ADF87C00BDF87C004FF6FF78B4F8801027
:100F800008EA0020ADF87C10BDF87C100843A0F5FD
:100F90000541B880523904BF47F28970B88000F02B
:100FA0003881A0F5EE41893900F00E81D420ADF8EA
:100FB0007C00BDF87C00ADF87C00BDF87C00A4F896
:100FC0007E00B4F88000ADF87C00BDF87C00B4F879
:100FD0008000ADF87C00BDF87C00B4F88000ADF86E
:100FE0007C00BDF87C00B4F8801008EA0020ADF861
:100FF0007C10BDF87C100843A0F5A641B8801039DC
:101000007DD04FF0D30AADF87CA0BDF87C00ADF8E0
:101010007C00BDF87C00A4F87E00B4F88000ADF838
:101020007C00BDF87C00B4F88000ADF87C00BDF811
:101030007C00B4F88000ADF87C00BDF87C00B4F80A
:10104000801008EA0020ADF87C10BDF87C10084341
:10105000A0F5EE41B880963951D04FF4704155203B
:10106000A4F87E10A4F88000481CAA21A4F87E00F1
:10107000A4F88010411C5220A4F87E10A4F880002F
:10108000481C0821A4F87E00A4F88010411C01200F
:10109000A4F87E10A4F880004FF44540ADF87C0021
:1010A000BDF87C00ADF87C00BDF87C00A4F87E00A3
:1010B000B4F88000ADF87C00BDF87C004CF2015122
:1010C00008EA0020ADF87C10BDF87C10ADF87C106B
:1010D000BDF87C10A4F87E10B4F88010ADF87C1038
:1010E000BDF87C100843B880052007F0E7FEB888FB
:1010F000B0F5004F08BF45F210507DD000E063E02E
:10110000A0F5AA4110395FD0ADF87CA0BDF87C00F5
:10111000ADF87C00BDF87C00A4F87E000CE0000077
:1011200000040240000C0240001002400014024083
:101130000018024074000020B4F88000ADF87C0074
:10114000BDF87C00B4F88000ADF87C00BDF87C00F0
:10115000B4F88000ADF87C00BDF87C00B4F88010D5
:1011600008EA0020ADF87C10BDF87C100843A0F51B
:101170001841B880063927D0A120ADF87C00BDF811
:101180007C00ADF87C00BDF87C00A4F87E00B4F8CB
:101190008000ADF87C00BDF87C00B4F88000ADF8AC
:1011A0007C00BDF87C00B4F8801008EA0020ADF89F
:1011B0007C10BDF87C100843A0F5AE41B8806139C1
:1011C00008BF41F6631023D0FE488088A0F5134184
:1011D00041391CBFA0F5EE41B1F1890119D0A0F54C
:1011E000A64110391CBFA0F5A041B1F5A26110D0F5
:1011F000A0F5C851633900E00AE01FBFA0F5EC413B
:10120000B1F5CB71A0F51841B1F1060101D01AE09A
:10121000B8804FF02040D0F81C1121F00F01C0F829
:101220001C11D0F81C1121F47061C0F81C11D0F809
:101230001C1141F00401C0F81C11D0F81C1141F43C
:101240008061C0F81C11DF488188DFA007F0A0FC96
:10125000DC48E0274FF0200B80884FF03A08A0F5DB
:1012600013414FF0290A4FF0110E41391FD0A0F55C
:10127000EE41893900F0F883A0F5A641103900F05D
:10128000D686A0F5AA41103904F0F080A0F5EE4111
:10129000963905F00382A0F51841063905F0178547
:1012A000A0F5C851633906F0C58206F060BDCF20B5
:1012B000ADF87C00BDF87C00ADF87C00BDF87C008A
:1012C000A4F87E000020ADF87C00BDF87C10ADF8DD
:1012D0007C10BDF87C10A4F88010C122ADF87C20F1
:1012E000BDF87C10ADF87C10BDF87C10A4F880101F
:1012F0003021ADF87C10BDF87C30ADF87C30BDF805
:101300007C30A4F88030ED23ADF87C30BDF87C3023
:10131000ADF87C30BDF87C30A4F87E306423ADF8A5
:101320007C30BDF87C30ADF87C30BDF87C30A4F862
:101330008030ADF87C90BDF87C30ADF87C30BDF8E5
:101340007C30A4F880301223ADF87C30BDF87C30BE
:10135000ADF87C30BDF87C30A4F880308123ADF846
:101360007C30BDF87C30ADF87C30BDF87C30A4F822
:101370008030E823ADF87C30BDF87C30ADF87C30AF
:10138000BDF87C30A4F87E308523ADF87C30BDF804
:101390007C30ADF87C30BDF87C30A4F88030102370
:1013A000ADF87C30BDF87CC0ADF87CC0BDF87CC029
:1013B000A4F880C04FF07A0CADF87CC0BDF87CC0BA
:1013C000ADF87CC0BDF87CC0A4F880C04FF0CB0C59
:1013D000ADF87CC0BDF87CC0ADF87CC0BDF87CC069
:1013E000A4F87EC04FF0390CADF87CC0BDF87CC0CD
:1013F000ADF87CC0BDF87CC0A4F880C04FF02C0CC8
:10140000ADF87CC0BDF87CC0ADF87CC0BDF87CC038
:10141000A4F880C0ADF87C00BDF87CC0ADF87CC0FD
:10142000BDF87CC0A4F880C04FF0340CADF87CC08F
:10143000BDF87CC0ADF87CC0BDF87CC0A4F880C00D
:10144000ADF87C50BDF87CC0ADF87CC0BDF87CC068
:10145000A4F880C04FF0F70CADF87CC0BDF87CC09C
:10146000ADF87CC0BDF87CC0A4F87EC0ADF87CB0FF
:10147000BDF87CC0ADF87CC0BDF87CC0A4F880C0CD
:101480004FF0EA0CADF87CC0BDF87CC0ADF87CC074
:10149000BDF87CC0A4F87EC0ADF87C00BDF87CC06F
:1014A000ADF87CC0BDF87CC0A4F880C0ADF87C006D
:1014B000BDF87CC0ADF87CC0BDF87CC0A4F880C08D
:1014C0004FF0C00CADF87CC0BDF87CC0ADF87CC05E
:1014D000BDF87CC0A4F87EC04FF01B0CADF87CC0FA
:1014E000BDF87CC0ADF87CC0BDF87CC0A4F880C05D
:1014F000ADF87C20BDF87C20ADF87C20BDF87C20C8
:10150000A4F87E20ADF87C60BDF87C20ADF87C208E
:10151000BDF87C20A4F88020C522ADF87C20BDF861
:101520007C20ADF87C20BDF87C20A4F87E20ADF8AE
:101530007C10BDF87C20ADF87C20BDF87C20A4F8A0
:101540008020ADF87C10BDF87C10ADF87C10BDF8A3
:101550007C10A4F88010C721ADF87C10BDF87C1079
:10156000ADF87C10BDF87C10A4F87E10B721ADF862
:101570007C10BDF87C10ADF87C10BDF87C10A4F890
:1015800080103621ADF87C10BDF87C10ADF87C10D1
:10159000BDF87C10A4F87E104821ADF87C10BDF891
:1015A0007C10ADF87C10BDF87C10A4F88010ADF86C
:1015B0007C80BDF87C10ADF87C10BDF87C10A4F8E0
:1015C0007E1009E074000020204C43442049443A36
:1015D00025780D0A000000005521ADF87C10BDF8FB
:1015E0007C10ADF87C10BDF87C10A4F88010B121FF
:1015F000ADF87C10BDF87C10ADF87C10BDF87C1007
:10160000A4F87E10ADF87C00BDF87C10ADF87C101D
:10161000BDF87C10A4F880101A21ADF87C10BDF83C
:101620007C10ADF87C10BDF87C10A4F88010B621B9
:10163000ADF87C10BDF87C10ADF87C10BDF87C10C6
:10164000A4F87E100A22ADF87C20BDF87C10ADF81D
:101650007C10BDF87C10A4F88010A221ADF87C109D
:10166000BDF87C10ADF87C10BDF87C10A4F880109B
:10167000F221ADF87C10BDF87C10ADF87C10BDF8FF
:101680007C10A4F87E10ADF87C00BDF87C10ADF89D
:101690007C10BDF87C10A4F880102621ADF87C10D9
:1016A000BDF87C10ADF87C10BDF87C10A4F87E105D
:1016B000ADF87C60BDF87C10ADF87C10BDF87C10F6
:1016C000A4F88010ADF87C70BDF87C10ADF87C10EB
:1016D000BDF87C10A4F87E100F21ADF87C10BDF889
:1016E0007CC0ADF87CC0BDF87CC0A4F880C04FF0D1
:1016F0002A0CADF87CC0BDF87C50ADF87C50BDF82C
:101700007C50A4F880502825ADF87C50BDF87C5062
:10171000ADF87C50BDF87C50A4F880500825ADF899
:101720007C50BDF87C70ADF87C70BDF87C70A4F87E
:1017300080700E27ADF87C70BDF87C70ADF87C70C1
:10174000BDF87C70A4F88070ADF87C50BDF87C507A
:10175000ADF87C50BDF87C50A4F880505425ADF80D
:101760007C50BDF87C50ADF87C50BDF87C50A4F89E
:101770008050A925ADF87C50BDF87C50ADF87C5068
:10178000BDF87C50A4F880504325ADF87C50BDF8DE
:101790007C50ADF87C50BDF87C50A4F88050ADF87A
:1017A0007C20BDF87C20ADF87C20BDF87C20A4F81E
:1017B0008020ADF87C10BDF87C20ADF87C20BDF811
:1017C0007C20A4F88020ADF87C00BDF87C20ADF82A
:1017D0007C20BDF87C20A4F88020ADF87C00BDF80A
:1017E0007C20ADF87C20BDF87C20A4F88020ADF8EA
:1017F0007C00BDF87C20ADF87C20BDF87C20A4F8EE
:101800008020ADF87C00BDF87C20ADF87C20BDF8D0
:101810007C20A4F88020E122ADF87C20BDF87C205B
:10182000ADF87C20BDF87C20A4F87E20ADF87C00CB
:10183000BDF87C20ADF87C20BDF87C20A4F8802089
:101840001522ADF87C20BDF87C20ADF87C20BDF8D9
:101850007C20A4F880201722ADF87C20BDF87C20E5
:10186000ADF87C20BDF87C20A4F880200722ADF8DC
:101870007C20BDF87C20ADF87C20BDF87C20A4F84D
:1018800080207246ADF87CE0BDF87C50ADF87C500D
:10189000BDF87C50A4F880500625ADF87C50BDF80A
:1018A0007C50ADF87C50BDF87C50A4F880502B25BE
:1018B000ADF87C50BDF87C70ADF87C70BDF87C70E4
:1018C000A4F880705627ADF87C70BDF87C70ADF838
:1018D0007C70BDF87C70A4F880703C27ADF87C70FB
:1018E000BDF87C70ADF87C70BDF87C70A4F8807099
:1018F0000527ADF87C70BDF87C70ADF87C70BDF844
:101900007C70A4F88070ADF87C30BDF87C30ADF808
:101910007C30BDF87C30A4F88030ADF87C10BDF888
:101920007C30ADF87C30BDF87C30A4F880303F23AB
:10193000ADF87C30BDF87C70ADF87C70BDF87C7083
:10194000A4F88070ADF87C30BDF87C70ADF87C7088
:10195000BDF87C70A4F88070ADF87C10BDF87C10E8
:10196000ADF87C10BDF87C10A4F88010ADF87C5068
:10197000BDF87C10ADF87C10BDF87C10A4F87E108A
:10198000ADF87C00BDF87C10ADF87C10BDF87C1083
:10199000A4F88010ADF87C00BDF87C10ADF87C1088
:1019A000BDF87C10A4F88010ADF87C60BDF87C1008
:1019B000ADF87C10BDF87C10A4F88010ADF87C3038
:1019C000BDF87C10ADF87C10BDF87C10A4F8801038
:1019D000ADF87CC0BDF87C10ADF87C10BDF87C1073
:1019E000A4F87E10ADF87C00BDF87C10ADF87C103A
:1019F000BDF87C10A4F88010ADF87C00BDF87C1018
:101A0000ADF87C10BDF87C10A4F88010ADF87C0017
:101A1000BDF87C00ADF87C00BDF87C00A4F8800027
:101A2000EF20ADF87C00BDF87C00ADF87C00BDF87F
:101A30007C00A4F88000ADF87C20BDF87C00ADF8F7
:101A40007C00BDF87C00A4F87E00782007F036FA10
:101A5000ADF87CA0BDF87C00ADF87C00BDF87C0042
:101A6000A4F87E0006F083B9ADF87CE0BDF87C00F8
:101A7000ADF87C00BDF87C00A4F87E00782007F06B
:101A80001DFA3620ADF87C00BDF87C00ADF87C0076
:101A9000BDF87C00A4F87E000020ADF87C00BDF805
:101AA0007C10ADF87C10BDF87C10A4F88010ADF867
:101AB0007C80BDF87C10ADF87C10BDF87C10A4F8DB
:101AC0007E100521ADF87C10BDF87C10ADF87C10BF
:101AD000BDF87C10A4F88010B221ADF87C10BDF8E0
:101AE0007C10ADF87C10BDF87C10A4F87E100C21A1
:101AF000ADF87C10BDF87C20ADF87C20BDF87C20D2
:101B0000A4F88020ADF87C10BDF87C20ADF87C20D6
:101B1000BDF87C20A4F88020ADF87C00BDF87C20C6
:101B2000ADF87C20BDF87C20A4F880203322ADF8ED
:101B30007C20BDF87C30ADF87C30BDF87C30A4F85A
:101B40008030ADF87C20BDF87C20ADF87C20BDF85D
:101B50007C20A4F88020B722ADF87C20BDF87C2042
:101B6000ADF87C20BDF87C20A4F87E203522ADF8AD
:101B70007C20BDF87C20ADF87C20BDF87C20A4F84A
:101B80008020BB22ADF87C20BDF87C20ADF87C2005
:101B9000BDF87C20A4F87E203222ADF87C20BDF870
:101BA0007C30ADF87C30BDF87C30A4F88030C023A8
:101BB000ADF87C30BDF87C30ADF87C30BDF87C30C1
:101BC000A4F87E30ADF87C10BDF87C10ADF87C1028
:101BD000BDF87C10A4F88010C221ADF87C10BDF8CF
:101BE0007C10ADF87C10BDF87C10A4F87E10ADF828
:101BF0007C60BDF87C10ADF87C10BDF87C10A4F8BA
:101C00008010C321ADF87C10BDF87C10ADF87C10BD
:101C1000BDF87C10A4F87E101021ADF87C10BDF842
:101C20007C10ADF87C10BDF87C10A4F88010C421A5
:101C3000ADF87C10BDF87C10ADF87C10BDF87C10C0
:101C4000A4F87E10ADF87CB0BDF87C10ADF87C1027
:101C5000BDF87C10A4F88010C621ADF87C10BDF84A
:101C60007C10ADF87C10BDF87C10A4F87E100F211C
:101C7000ADF87C10BDF87C10ADF87C10BDF87C1080
:101C8000A4F88010D021ADF87C10BDF87C30ADF800
:101C90007C30BDF87C30A4F87E30A423ADF87C30D5
:101CA000BDF87C30ADF87C30BDF87C30A4F88030D5
:101CB000A123ADF87C30BDF87C30ADF87C30BDF8A8
:101CC0007C30A4F88030ADF87C70BDF87C30ADF885
:101CD0007C30BDF87C30A4F87E30ADF87C10BDF8C7
:101CE0007C30ADF87C30BDF87C30A4F88030ADF8A5
:101CF0007C00BDF87C30ADF87C30BDF87C30A4F8B9
:101D00008030ADF87C50BDF87C30ADF87C30BDF84B
:101D10007C30A4F880304FF0070CADF87CC0BDF8E3
:101D20007C30ADF87C30BDF87C30A4F880300A23DC
:101D3000ADF87C30BDF87C70ADF87C70BDF87C707F
:101D4000A4F880702827ADF87C70BDF87C80ADF8D1
:101D50007C80BDF87C80A4F88080ADF87C20BDF844
:101D60007C20ADF87C20BDF87C20A4F880204422A3
:101D7000ADF87C20BDF87C20ADF87C20BDF87C203F
:101D8000A4F880204222ADF87C20BDF87C20ADF87C
:101D90007C20BDF87C20A4F880200622ADF87C20B1
:101DA000BDF87C20ADF87C20BDF87C20A4F8802014
:101DB0004FF00E08ADF87C80BDF87C20ADF87C209B
:101DC000BDF87C20A4F880201222ADF87C20BDF85C
:101DD0007C20ADF87C20BDF87C20A4F88020142263
:101DE000ADF87C20BDF87C20ADF87C20BDF87C20CF
:101DF000A4F880201722ADF87C20BDF87C90ADF8C7
:101E00007C90BDF87C90A4F880904FF0E109ADF88B
:101E10007C90BDF87C90ADF87C90BDF87C90A4F8E7
:101E20007E90ADF87C10BDF87C10ADF87C10BDF84C
:101E30007C10A4F88010ADF87C00BDF87C10ADF8E3
:101E40007C10BDF87C10A4F88010ADF87C50BDF873
:101E50007C10ADF87C10BDF87C10A4F88010ADF8B3
:101E60007CC0BDF87C10ADF87C10BDF87C10A4F8E7
:101E70008010ADF87C30BDF87C10ADF87C10BDF85A
:101E80007C10A4F88010ADF87C70BDF87C10ADF823
:101E90007C10BDF87C10A4F880103121ADF87C10C6
:101EA000BDF87C10ADF87C10BDF87C10A4F8801053
:101EB0005421ADF87C10BDF87C10ADF87C10BDF855
:101EC0007C10A4F880104721ADF87C10BDF87C1080
:101ED000ADF87C10BDF87C10A4F88010ADF87C80C3
:101EE000BDF87C10ADF87C10BDF87C10A4F8801013
:101EF0001C21ADF87C10BDF87C10ADF87C10BDF84D
:101F00007C10A4F88010ADF87C20BDF87C10ADF8F2
:101F10007C10BDF87C10A4F880101B21ADF87C105B
:101F2000BDF87C10ADF87C10BDF87C10A4F88010D2
:101F30001E21ADF87C10BDF87C10ADF87C10BDF80A
:101F40007C10A4F880102A21ADF87C10BDF87C101C
:101F5000ADF87C10BDF87C10A4F87E10ADF87C00C4
:101F6000BDF87C10ADF87C10BDF87C10A4F8801092
:101F7000ADF87C00BDF87C10ADF87C10BDF87C108D
:101F8000A4F88010ADF87C00BDF87C10ADF87C1092
:101F9000BDF87C10A4F88010EF21ADF87C10BDF8DE
:101FA0007C10ADF87C10BDF87C10A4F880102B21BB
:101FB000ADF87C10BDF87C10ADF87C10BDF87C103D
:101FC000A4F87E10ADF87C00BDF87C10ADF87C1054
:101FD000BDF87C10A4F88010ADF87C00BDF87C0042
:101FE000ADF87C00BDF87C00A4F88000ADF87C6002
:101FF000BDF87C00ADF87C00BDF87C00A4F8800042
:102000003F20ADF87C00BDF87C00ADF87C00BDF849
:102010007C00A4F88000ADF87CA0BDF87C00ADF891
:102020007C00BDF87C00A4F87E0005F0A0BEED2089
:10203000ADF87C00BDF87C00ADF87C00BDF87C00FC
:10204000A4F87E00ADF87C60BDF87C00ADF87C00A3
:10205000BDF87C00A4F88000FE20ADF87C00BDF83F
:102060007C00ADF87C00BDF87C00A4F88000EE2078
:10207000ADF87C00BDF87C00ADF87C00BDF87C00BC
:10208000A4F87E00DE20ADF87C00BDF87C00ADF841
:102090007C00BDF87C00A4F880002122ADF87C20F3
:1020A000BDF87C00ADF87C00BDF87C00A4F8800091
:1020B000F120ADF87C00BDF87C00ADF87C00BDF8E7
:1020C0007C00A4F87E000120ADF87C00BDF87C0007
:1020D000ADF87C00BDF87C00A4F88000DF20ADF8EE
:1020E0007C00BDF87C00ADF87C00BDF87C00A4F855
:1020F0007E001020ADF87C00BDF87C00ADF87C00BF
:10210000BDF87C00A4F88000C420ADF87C00BDF8C8
:102110007C00ADF87C00BDF87C00A4F87E008F2028
:10212000ADF87C00BDF87C00ADF87C00BDF87C000B
:10213000A4F88000C620ADF87C00BDF87C00ADF8A6
:102140007C00BDF87C00A4F87E000021ADF87C1076
:10215000BDF87C00ADF87C00BDF87C00A4F88000E0
:10216000E220ADF87C00BDF87C30ADF87C30BDF8E5
:102170007C30A4F88030ADF87C00BDF87C30ADF840
:102180007C30BDF87C30A4F88030ADF87C00BDF820
:102190007C00ADF87C00BDF87C00A4F88000BF2076
:1021A000ADF87C00BDF87C00ADF87C00BDF87C008B
:1021B000A4F87E00AA20ADF87C00BDF87C00ADF844
:1021C0007C00BDF87C00A4F88000B020ADF87C0055
:1021D000BDF87C00ADF87C00BDF87C00A4F87E0062
:1021E0000D20ADF87C00BDF87C30ADF87C30BDF83A
:1021F0007C30A4F88030ADF87C10BDF87C30ADF8B0
:102200007C30BDF87C30A4F88030ADF87C00BDF89F
:102210007C00ADF87C00BDF87C00A4F88000ADF82F
:102220007C10BDF87C00ADF87C00BDF87C00A4F803
:1022300080001120ADF87C00BDF87C00ADF87C007A
:10224000BDF87C00A4F88000ADF87C10BDF87C00DF
:10225000ADF87C00BDF87C00A4F880001920ADF832
:102260007C00BDF87C00ADF87C00BDF87C00A4F8D3
:102270008000ADF87C10BDF87C00ADF87C00BDF8A6
:102280007C00A4F88000ADF87C20BDF87C00ADF89F
:102290007C00BDF87C00A4F88000ADF87C10BDF88F
:1022A0007C00ADF87C00BDF87C00A4F880002D20F7
:1022B000ADF87C00BDF87C00ADF87C00BDF87C007A
:1022C000A4F88000ADF87C10BDF87C00ADF87C006F
:1022D000BDF87C00A4F880003D20ADF87C00BDF87E
:1022E0007C00ADF87C00BDF87C00A4F88000ADF85F
:1022F0007C10BDF87C00ADF87C00BDF87C00A4F833
:1023000080005D20ADF87C00BDF87C20ADF87C201D
:10231000BDF87C20A4F88020ADF87C10BDF87C20AE
:10232000ADF87C20BDF87C20A4F88020ADF87C00BE
:10233000BDF87C00ADF87C00BDF87C00A4F88000FE
:10234000ADF87C10BDF87C00ADF87C00BDF87C00D9
:10235000A4F88000B120ADF87C00BDF87C00ADF899
:102360007C00BDF87C00A4F87E008020ADF87C00E5
:10237000BDF87C00ADF87C00BDF87C00A4F88000BE
:10238000ADF87C10BDF87C00ADF87C00BDF87C0099
:10239000A4F880008B23ADF87C30BDF87C00ADF84C
:1023A0007C00BDF87C00A4F88000ADF87C10BDF87E
:1023B0007C00ADF87C00BDF87C00A4F880004FF0F4
:1023C000960EADF87CE0BDF87C00ADF87C00BDF861
:1023D0007C00A4F88000ADF87C10BDF87C00ADF85E
:1023E0007C00BDF87C00A4F88000B220ADF87C0031
:1023F000BDF87C00ADF87C00BDF87C00A4F87E0040
:10240000ADF87C10BDF87C00ADF87C00BDF87C0018
:10241000A4F88000ADF87C10BDF87C00ADF87C001D
:10242000BDF87C202046A4F880200222ADF87C2054
:10243000BDF87CC0ADF87CC0BDF87CC0A4F880C0FD
:10244000ADF87C10BDF87CC0ADF87CC0BDF87CC098
:10245000A4F880C0ADF87C90BDF87CC0ADF87CC01D
:10246000BDF87CC0A0F880C0ADF87C10BDF87CC081
:10247000ADF87CC0BDF87CC0A0F880C04FF0B30CB4
:10248000ADF87CC0BDF87CC0ADF87CC0BDF87CC0A8
:10249000A0F87EC0ADF87C10BDF87CC0ADF87CC063
:1024A000BDF87CC0A0F880C0ADF87C10BDF87CC041
:1024B000ADF87CC0BDF87CC0A0F880C0ADF87C1041
:1024C000BDF87CC0ADF87CC0BDF87CC0A0F880C071
:1024D000ADF87C10BDF87CC0ADF87CC0BDF87CC008
:1024E000A0F880C0ADF87C10BDF87CC0ADF87CC011
:1024F000BDF87CC0A0F880C0ADF87C10BDF87CC0F1
:10250000ADF87CC0BDF87CC0A0F880C0ADF87C10F0
:10251000BDF87CC0ADF87CC0BDF87CC0A0F880C020
:10252000ADF87C10BDF87CC0ADF87CC0BDF87CC0B7
:10253000A0F880C0ADF87C10BDF87CC0ADF87CC0C0
:10254000BDF87CC0A0F880C0ADF87C10BDF87CC0A0
:10255000ADF87CC0BDF87CC0A0F880C0ADF87C10A0
:10256000BDF87CC0ADF87CC0BDF87CC0A0F880C0D0
:10257000ADF87C10BDF87CC0ADF87CC0BDF87CC067
:10258000A0F880C0ADF87C10BDF87CC0ADF87CC070
:10259000BDF87CC0A0F880C0ADF87C10BDF87CC050
:1025A000ADF87CC0BDF87CC0A0F880C0ADF87C1050
:1025B000BDF87CC0ADF87CC0BDF87CC0A0F880C080
:1025C000ADF87C10BDF87CC0ADF87CC0BDF87CC017
:1025D000A0F880C0ADF87C10BDF87CC0ADF87CC020
:1025E000BDF87CC0A0F880C0ADF87C10BDF87CC000
:1025F000ADF87CC0BDF87CC0A0F880C0ADF87C1000
:10260000BDF87CC0ADF87CC0BDF87CC0A0F880C02F
:10261000ADF87C10BDF87CC0ADF87CC0BDF87CC0C6
:10262000A0F880C0ADF87C10BDF87CC0ADF87CC0CF
:10263000BDF87CC0A0F880C0ADF87C10BDF87CC0AF
:10264000ADF87CC0BDF87CC0A0F880C0ADF87C10AF
:10265000BDF87CC0ADF87CC0BDF87CC0A0F880C0DF
:10266000ADF87C10BDF87CC0ADF87CC0BDF87CC076
:10267000A0F880C04FF0B40CADF87CC0BDF87CC0B1
:10268000ADF87CC0BDF87CC0A0F87EC0ADF87C3051
:10269000BDF87C30ADF87C30BDF87C30A0F88030DF
:1026A000ADF87C10BDF87C30ADF87C30BDF87C30E6
:1026B000A0F88030ADF87CE0BDF87C30ADF87C301F
:1026C000BDF87C30A0F88030ADF87C10BDF87C30CF
:1026D000ADF87C30BDF87C30A0F88030A123ADF897
:1026E0007C30BDF87C30ADF87C30BDF87C30A0F893
:1026F0008030ADF87C10BDF87C30ADF87C30BDF892
:102700007C30A0F88030B523ADF87C30BDF87C304B
:10271000ADF87C30BDF87C30A0F87E30ADF87C2080
:10272000BDF87C20ADF87C20BDF87C20A0F880208E
:10273000ADF87C10BDF87C20ADF87C20BDF87C2085
:10274000A0F88020ADF87C90BDF87C20ADF87C200E
:10275000BDF87C20A0F88020ADF87C10BDF87C206E
:10276000ADF87C20BDF87C20A0F880200422ADF8D4
:102770007C20BDF87C30ADF87C30BDF87C30A0F812
:102780008030ADF87C10BDF87C30ADF87C30BDF801
:102790007C30A0F88030B623ADF87C30BDF87C30BA
:1027A000ADF87C30BDF87C30A0F87E30ADF87C1000
:1027B000BDF87C30ADF87C30BDF87C30A0F88030BE
:1027C000ADF87C10BDF87C30ADF87C30BDF87C30C5
:1027D000A0F88030B723ADF87C30BDF87C30ADF880
:1027E0007C30BDF87C30A0F87E300D46ADF87C1012
:1027F000BDF87C10ADF87C10BDF87C10A0F88010FE
:10280000ADF87C50BDF87C10ADF87C10BDF87C10A4
:10281000A0F880103F21ADF87C10BDF87C10ADF819
:102820007C10BDF87C10A0F88010ADF87C50BDF88D
:102830007C10ADF87C10BDF87C10A0F880105E21F3
:10284000ADF87C10BDF87C10ADF87C10BDF87C10A4
:10285000A0F88010ADF87C50BDF87C10ADF87C106D
:10286000BDF87C10A0F880106421ADF87C10BDF894
:102870007C10ADF87C10BDF87C10A0F88010ADF88D
:102880007C50BDF87C10ADF87C10BDF87C10A0F831
:1028900080108C21ADF87C10BDF87C10ADF87C1058
:1028A000BDF87C10A0F88010ADF87C50BDF87C100D
:1028B000ADF87C10BDF87C10A0F88010AC21ADF80C
:1028C0007C10BDF87C10ADF87C10BDF87C10A0F831
:1028D0008010ADF87C50BDF87C10ADF87C10BDF8D0
:1028E0007C10A0F88010DC21ADF87C10BDF87C30A5
:1028F000ADF87C30BDF87C30A0F88030ADF87C506D
:10290000BDF87C30ADF87C30BDF87C30A0F880306C
:102910007023ADF87C30BDF87C30ADF87C30BDF86C
:102920007C30A0F88030ADF87C50BDF87C30ADF83C
:102930007C30BDF87C30A0F880309023ADF87C303E
:10294000BDF87C30ADF87C30BDF87C30A0F880302C
:10295000ADF87C50BDF87C30ADF87C30BDF87C30F3
:10296000A0F88030EB23ADF87C30BDF87C30ADF8BA
:102970007C30BDF87C30A0F88030ADF87C50BDF8DC
:102980007C30ADF87C30BDF87C30A0F88030ADF8FC
:102990007C10BDF87C10ADF87C10BDF87C10A0F860
:1029A0008010ADF87C50BDF87C10ADF87C10BDF8FF
:1029B0007C10A0F88010B821ADF87C10BDF87C1018
:1029C000ADF87C10BDF87C10A0F87E10ADF87C50FE
:1029D000BDF87C10ADF87C10BDF87C10A0F880101C
:1029E000ADF87C50BDF87C10ADF87C10BDF87C10C3
:1029F000A0F88010ADF87C50BDF87C10ADF87C10CC
:102A0000BDF87C10A0F88010ADF87C50BDF87C10AB
:102A1000ADF87C10BDF87C10A0F88010ADF87C50AB
:102A2000BDF87C10ADF87C10BDF87C10A0F88010CB
:102A3000ADF87C50BDF87C10ADF87C10BDF87C1072
:102A4000A0F88010ADF87C50BDF87C10ADF87C107B
:102A5000BDF87C10A0F88010ADF87C50BDF87C105B
:102A6000ADF87C10BDF87C10A0F88010BA21ADF84C
:102A70007C10BDF87C10ADF87C10BDF87C10A0F87F
:102A80007E102421ADF87C10BDF87C10ADF87C10D0
:102A9000BDF87C10A0F88010ADF87C50BDF87C101B
:102AA000ADF87C10BDF87C10A0F88010ADF87C501B
:102AB000BDF87C10ADF87C10BDF87C10A0F880103B
:102AC000ADF87C50BDF87C10ADF87C10BDF87C10E2
:102AD000A0F88010C121ADF87C10BDF87C10ADF8D5
:102AE0007C10BDF87C10A0F87E102021ADF87C1081
:102AF000BDF87C10ADF87C10BDF87C10A0F88010FB
:102B0000ADF87C50BDF87C10ADF87C10BDF87C10A1
:102B1000A0F880105421ADF87C10BDF87C10ADF801
:102B20007C10BDF87C10A0F88010ADF87C50BDF88A
:102B30007C10ADF87C10BDF87C10A0F88010FF214F
:102B4000ADF87C10BDF87C10ADF87C10BDF87C10A1
:102B5000A0F88010ADF87C50BDF87C10ADF87C106A
:102B6000BDF87C10A0F88010C221ADF87C10BDF833
:102B70007C10ADF87C10BDF87C10A0F87E100A2106
:102B8000ADF87C10BDF87C10ADF87C10BDF87C1061
:102B9000A0F88010ADF87C50BDF87C10ADF87C102A
:102BA000BDF87C10A0F88010ADF87C20BDF87C103A
:102BB000ADF87C10BDF87C10A0F88010ADF87C500A
:102BC000BDF87C10ADF87C10BDF87C10A0F880102A
:102BD000C321ADF87C10BDF87C10ADF87C10BDF8B9
:102BE0007C10A0F87E103C21ADF87C10BDF87C1064
:102BF000ADF87C10BDF87C10A0F88010ADF87C50CA
:102C0000BDF87C10ADF87C10BDF87C10A0F88010E9
:102C1000ADF87C80BDF87C10ADF87C10BDF87C1060
:102C2000A0F88010ADF87C50BDF87C10ADF87C1099
:102C3000BDF87C10A0F880103921ADF87C10BDF8EB
:102C40007C10ADF87C10BDF87C10A0F88010ADF8B9
:102C50007C50BDF87C10ADF87C10BDF87C10A0F85D
:102C600080103721ADF87C10BDF87C10ADF87C10D9
:102C7000BDF87C10A0F88010ADF87C50BDF87C1039
:102C8000ADF87C10BDF87C10A0F880103C21ADF8A8
:102C90007C10BDF87C10ADF87C10BDF87C10A0F85D
:102CA0008010ADF87C50BDF87C10ADF87C10BDF8FC
:102CB0007C10A0F880104FF0360BADF87CB0BDF85A
:102CC0007C10ADF87C10BDF87C10A0F88010ADF839
:102CD0007C50BDF87C10ADF87C10BDF87C10A0F8DD
:102CE00080103222ADF87C20BDF87C10ADF87C104D
:102CF000BDF87C10A0F88010ADF87C50BDF87C10B9
:102D0000ADF87C10BDF87C10A0F880102F23ADF832
:102D10007C30BDF87CC0ADF87CC0BDF87CC0A0F8AC
:102D200080C0ADF87C50BDF87CC0ADF87CC0BDF86B
:102D30007CC0A0F880C04FF02C0EADF87CE0BDF850
:102D40007CC0ADF87CC0BDF87CC0A0F880C0ADF8F8
:102D50007C50BDF87CC0ADF87CC0BDF87CC0A0F84C
:102D600080C04FF0290CADF87CC0BDF87C90ADF868
:102D70007C90BDF87C90A0F88090ADF87C50BDF8B8
:102D80007C90ADF87C90BDF87C90A0F880902621D6
:102D9000ADF87C10BDF87C90ADF87C90BDF87C90CF
:102DA000A0F88090ADF87C50BDF87C90ADF87C9098
:102DB000BDF87C90A0F880902421ADF87C10BDF87F
:102DC0007C90ADF87C90BDF87C90A0F88090ADF838
:102DD0007C50BDF87C90ADF87C90BDF87C90A0F85C
:102DE0008090ADF87C10BDF87C90ADF87C90BDF87B
:102DF0007C90A0F88090ADF87C50BDF87C90ADF848
:102E00007C90BDF87C90A0F880904FF02309ADF83D
:102E10007C90BDF87CA0ADF87CA0BDF87CA0A0F8AB
:102E200080A0ADF87C50BDF87CA0ADF87CA0BDF8CA
:102E30007CA0A0F880A04FF03C0AADF87CA0BDF8C3
:102E40007CA0ADF87CA0BDF87CA0A0F880A0ADF877
:102E50007C50BDF87CA0ADF87CA0BDF87CA0A0F8AB
:102E600080A0ADF87CB0BDF87CA0ADF87CA0BDF82A
:102E70007CA0A0F880A0ADF87C50BDF87CA0ADF897
:102E80007CA0BDF87CA0A0F880A0ADF87C20BDF8A7
:102E90007CA0ADF87CA0BDF87CA0A0F880A0ADF827
:102EA0007C50BDF87CA0ADF87CA0BDF87CA0A0F85B
:102EB00080A0ADF87C30BDF87C30ADF87C30BDF83A
:102EC0007C30A0F88030ADF87C50BDF87C30ADF897
:102ED0007C30BDF87C30A0F88030ADF87CE0BDF8E7
:102EE0007C30ADF87C30BDF87C30A0F88030ADF897
:102EF0007C50BDF87C30ADF87C30BDF87C30A0F85B
:102F00008030ADF87CC0BDF87C30ADF87C30BDF8C9
:102F10007C30A0F88030ADF87C50BDF87C30ADF846
:102F20007C30BDF87C30A0F880302623ADF87C30B2
:102F3000BDF87C30ADF87C30BDF87C30A0F8803036
:102F4000ADF87C50BDF87C30ADF87C30BDF87C30FD
:102F5000A0F88030ADF87C10BDF87C30ADF87C3046
:102F6000BDF87C30A0F88030ADF87C50BDF87C30E6
:102F7000ADF87C30BDF87C30A0F88030ADF87C1026
:102F8000BDF87C10ADF87C10BDF87C10A0F8801066
:102F9000ADF87C50BDF87C10ADF87C10BDF87C100D
:102FA000A0F880102321ADF87C10BDF87C10ADF89E
:102FB0007C10BDF87C10A0F88010ADF87C50BDF8F6
:102FC0007C10ADF87C10BDF87C10A0F88010C421F6
:102FD000ADF87C10BDF87C30ADF87C30BDF87C30AD
:102FE000A0F87E306223ADF87C30BDF87C30ADF8BF
:102FF0007C30BDF87C30A0F88030ADF87C50BDF856
:103000007C30ADF87C30BDF87C30A0F880300523F2
:10301000ADF87C30BDF87C30ADF87C30BDF87C304C
:10302000A0F88030ADF87C50BDF87C30ADF87C3035
:10303000BDF87C30A0F880308423ADF87C30BDF83A
:103040007C30ADF87C30BDF87C30A0F88030ADF835
:103050007C50BDF87C30ADF87C30BDF87C30A0F8F9
:103060008030F023ADF87C30BDF87C30ADF87C309A
:10307000BDF87C30A0F88030ADF87C50BDF87C30D5
:10308000ADF87C30BDF87C30A0F880301823ADF866
:103090007C30BDF87C30ADF87C30BDF87C30A0F8D9
:1030A0008030ADF87C50BDF87C30ADF87C30BDF898
:1030B0007C30A0F88030A423ADF87C30BDF87C30A3
:1030C000ADF87C30BDF87C30A0F88030ADF87C5095
:1030D000BDF87C30ADF87C30BDF87C30A0F8803095
:1030E0001823ADF87C30BDF87C30ADF87C30BDF8ED
:1030F0007C30A0F88030ADF87C50BDF87C30ADF865
:103100007C30BDF87C30A0F880305023ADF87C30A6
:10311000BDF87C30ADF87C30BDF87C30A0F8803054
:10312000ADF87C50BDF87C30ADF87C30BDF87C301B
:10313000A0F880300C23ADF87C30BDF87C30ADF8C1
:103140007C30BDF87C30A0F88030ADF87C50BDF804
:103150007C30ADF87C30BDF87C30A0F8803017238F
:10316000ADF87C30BDF87CC0ADF87CC0BDF87CC04B
:10317000A0F880C0ADF87C50BDF87CC0ADF87CC034
:10318000BDF87CC0A0F880C04FF0950CADF87CC0B5
:10319000BDF87CC0ADF87CC0BDF87CC0A0F880C094
:1031A000ADF87C50BDF87CC0ADF87CC0BDF87CC0EB
:1031B000A0F880C04FF0F30AADF87CA0BDF87CC049
:1031C000ADF87CC0BDF87CC0A0F880C0ADF87C50E4
:1031D000BDF87CC0ADF87CC0BDF87CC0A0F880C054
:1031E0004FF0E60CADF87CC0BDF87CC0ADF87CC0FB
:1031F000BDF87CC0A0F880C0ADF87C50BDF87CC0A4
:10320000ADF87CC0BDF87CC0A0F880C04FF0C50C04
:10321000ADF87CC0BDF87CC0ADF87CC0BDF87CC00A
:10322000A0F87EC0ADF87C20BDF87C20ADF87C20F5
:10323000BDF87C20A0F88020ADF87C50BDF87C2043
:10324000ADF87C20BDF87C20A0F880204422ADF8A9
:103250007C20BDF87C20ADF87C20BDF87C20A0F857
:103260008020ADF87C50BDF87C20ADF87C20BDF806
:103270007C20A0F880206522ADF87C20BDF87C2061
:10328000ADF87C20BDF87C20A0F88020ADF87C5003
:10329000BDF87C20ADF87C20BDF87C20A0F8802013
:1032A0007622ADF87C20BDF87C20ADF87C20BDF8FE
:1032B0007C20A0F88020ADF87C50BDF87C20ADF8D3
:1032C0007C20BDF87C20A0F880208822ADF87C20EE
:1032D000BDF87C20ADF87C20BDF87C20A0F88020D3
:1032E000ADF87C50BDF87C20ADF87C20BDF87C208A
:1032F000A0F88020C622ADF87C20BDF87C20ADF877
:103300007C20BDF87C20A0F87E202022ADF87C2017
:10331000BDF87C20ADF87C20BDF87C20A0F8802092
:10332000ADF87C50BDF87C20ADF87C20BDF87C2049
:10333000A0F88020ADF87C30BDF87C20ADF87C2072
:10334000BDF87C20A0F88020ADF87C50BDF87C2032
:10335000ADF87C20BDF87C20A0F88020ADF87C6022
:10336000BDF87C20ADF87C20BDF87C20A0F8802042
:10337000ADF87C50BDF87C20ADF87C20BDF87C20F9
:10338000A0F88020C722ADF87C20BDF87C20ADF8E5
:103390007C20BDF87C20A0F87E20ADF87C50BDF8E4
:1033A0007C20ADF87C20BDF87C20A0F88020ADF812
:1033B0007C50BDF87C20ADF87C20BDF87C20A0F8C6
:1033C0008020ADF87C50BDF87C20ADF87C20BDF8A5
:1033D0007C20A0F88020ADF87C50BDF87C20ADF8B2
:1033E0007C20BDF87C20A0F88020C822ADF87C208D
:1033F000BDF87C20ADF87C20BDF87C20A0F87E20B4
:10340000ADF87C50BDF87C20ADF87C20BDF87C2068
:10341000A0F88020ADF87C50BDF87C20ADF87C2071
:10342000BDF87C20A0F88020ADF87C50BDF87C2051
:10343000ADF87C20BDF87C20A0F88020ADF87C5051
:10344000BDF87C20ADF87C20BDF87C20A0F8802061
:10345000C922ADF87C20BDF87C20ADF87C20BDF8F9
:103460007C20A0F87E20ADF87C50BDF87C20ADF823
:103470007C20BDF87C20A0F88020ADF87C50BDF801
:103480007C20ADF87C20BDF87C20A0F88020ADF831
:103490007C50BDF87C20ADF87C20BDF87C20A0F8E5
:1034A0008020ADF87C50BDF87C20ADF87C20BDF8C4
:1034B0007C20A0F88020ADF87C50BDF87C20ADF8D1
:1034C0007C20BDF87C20A0F88020ADF87C50BDF8B1
:1034D0007C20ADF87C20BDF87C20A0F88020ADF8E1
:1034E0007C50BDF87C20ADF87C20BDF87C20A0F895
:1034F0008020ADF87C50BDF87C20ADF87C20BDF874
:103500007C20A0F88020ADF87C50BDF87C20ADF880
:103510007C20BDF87C20A0F88020ADF87C50BDF860
:103520007C20ADF87C20BDF87C20A0F88020ADF890
:103530007C50BDF87C20ADF87C20BDF87C20A0F844
:103540008020ADF87C50BDF87C20ADF87C20BDF823
:103550007C20A0F88020ADF87C50BDF87C20ADF830
:103560007C20BDF87C20A0F88020ADF87C50BDF810
:103570007C20ADF87C20BDF87C20A0F88020ADF840
:103580007C50BDF87C20ADF87C20BDF87C20A0F8F4
:103590008020ADF87C50BDF87C20ADF87C20BDF8D3
:1035A0007C20A0F88020ADF87C70BDF87C20ADF8C0
:1035B0007C20BDF87C20A0F87E204FF0160CADF8E2
:1035C0007CC0BDF87C20ADF87C20BDF87C20A0F844
:1035D0008020ADF87C50BDF87C20ADF87C20BDF893
:1035E0007C20A0F880201C22ADF87C20BDF87C3027
:1035F000ADF87C30BDF87C30A0F88030ADF87C5060
:10360000BDF87C30ADF87C30BDF87C30A0F880305F
:103610002123ADF87C30BDF87C30ADF87C30BDF8AE
:103620007C30A0F88030ADF87C50BDF87C30ADF82F
:103630007C30BDF87C30A0F880303623ADF87C308B
:10364000BDF87C30ADF87C30BDF87C30A0F880301F
:10365000ADF87C50BDF87C30ADF87C30BDF87C30E6
:10366000A0F880304623ADF87C30BDF87C30ADF852
:103670007C30BDF87C30A0F88030ADF87C50BDF8CF
:103680007C30ADF87C30BDF87C30A0F8803052231F
:10369000ADF87C30BDF87C30ADF87C30BDF87C30C6
:1036A000A0F88030ADF87C50BDF87C30ADF87C30AF
:1036B000BDF87C30A0F880304FF0640BADF87CB0E2
:1036C000BDF87C30ADF87C30BDF87C30A0F880309F
:1036D000ADF87C50BDF87C30ADF87C30BDF87C3066
:1036E000A0F880307A23ADF87C30BDF87C30ADF89E
:1036F0007C30BDF87C30A0F88030ADF87C50BDF84F
:103700007C30ADF87C30BDF87C30A0F880308B2365
:10371000ADF87C30BDF87C90ADF87C90BDF87C9025
:10372000A0F88090ADF87C50BDF87C90ADF87C900E
:10373000BDF87C90A0F880904FF09909ADF87C908E
:10374000BDF87C90ADF87C90BDF87C90A0F880909E
:10375000ADF87C50BDF87C90ADF87C90BDF87C90C5
:10376000A0F880904FF0A809ADF87C90BDF87C904F
:10377000ADF87C90BDF87C90A0F88090ADF87C50BE
:10378000BDF87C90ADF87C90BDF87C90A0F880905E
:103790004FF0B909ADF87C90BDF87C90ADF87C9005
:1037A000BDF87C90A0F88090ADF87C50BDF87C907E
:1037B000ADF87C90BDF87C90A0F88090ADF87C10BE
:1037C000BDF87C90ADF87C90BDF87C90A0F880901E
:1037D000ADF87C50BDF87C90ADF87C90BDF87C9045
:1037E000A0F880904FF0CA09ADF87C90BDF87C90AD
:1037F000ADF87C90BDF87C90A0F88090ADF87C503E
:10380000BDF87C90ADF87C90BDF87C90A0F88090DD
:103810004FF0D20EADF87CE0BDF87C90ADF87C9016
:10382000BDF87C90A0F88090ADF87C50BDF87C90FD
:10383000ADF87C90BDF87C90A0F880904FF0D9094D
:10384000ADF87C90BDF87C90ADF87C90BDF87C9094
:10385000A0F88090ADF87C50BDF87C90ADF87C90DD
:10386000BDF87C90A0F88090ADF87C70BDF87C909D
:10387000ADF87C90BDF87C90A0F88090ADF87C50BD
:10388000BDF87C90ADF87C90BDF87C90A0F880905D
:10389000D146ADF87CA0BDF87CA0ADF87CA0BDF809
:1038A0007CA0A0F880A0ADF87C50BDF87CA0ADF85D
:1038B0007CA0BDF87CA0A0F880A04FF0E10AADF894
:1038C0007CA0BDF87CA0ADF87CA0BDF87CA0A0F8E1
:1038D0007EA0ADF87CC0BDF87CC0ADF87CC0BDF862
:1038E0007CC0A0F880C0ADF87C50BDF87CC0ADF8BD
:1038F0007CC0BDF87CC0A0F880C0ADF87C20BDF8CD
:103900007C20ADF87C20BDF87C20A0F88020ADF8AC
:103910007C50BDF87C20ADF87C20BDF87C20A0F860
:1039200080202222ADF87C20BDF87C20ADF87C20E0
:10393000BDF87C20A0F88020ADF87C50BDF87C203C
:10394000ADF87C20BDF87C20A0F880203622ADF8B0
:103950007C20BDF87C20ADF87C20BDF87C20A0F850
:103960008020ADF87C50BDF87C20ADF87C20BDF8FF
:103970007C20A0F880204522ADF87C20BDF87C207A
:10398000ADF87C20BDF87C20A0F88020ADF87C50FC
:10399000BDF87C20ADF87C20BDF87C20A0F880200C
:1039A0005222ADF87C20BDF87C20ADF87C20BDF81B
:1039B0007C20A0F88020ADF87C50BDF87C20ADF8CC
:1039C0007C20BDF87C20A0F88020ADF87CB0BDF84C
:1039D0007C20ADF87C20BDF87C20A0F88020ADF8DC
:1039E0007C50BDF87C20ADF87C20BDF87C20A0F890
:1039F00080207A22ADF87C20BDF87C20ADF87C20B8
:103A0000BDF87C20A0F88020ADF87C50BDF87C206B
:103A1000ADF87C20BDF87C20A0F88020ADF87C308B
:103A2000BDF87C20ADF87C20BDF87C20A0F880207B
:103A3000ADF87C50BDF87C20ADF87C20BDF87C2032
:103A4000A0F880209922ADF87C20BDF87C20ADF84C
:103A50007C20BDF87C20A0F88020ADF87C50BDF81B
:103A60007C20ADF87C20BDF87C20A0F88020A82226
:103A7000ADF87C20BDF87C20ADF87C20BDF87C2022
:103A8000A0F88020ADF87C50BDF87C20ADF87C20FB
:103A9000BDF87C20A0F88020B922ADF87C20BDF8CC
:103AA0007C20ADF87C20BDF87C20A0F88020ADF80B
:103AB0007C50BDF87C20ADF87C20BDF87C20A0F8BF
:103AC0008020ADF87C10BDF87C10ADF87C10BDF8FE
:103AD0007C10A0F88010ADF87C50BDF87C10ADF8DB
:103AE0007C10BDF87C10A0F88010CA21ADF87C10C5
:103AF000BDF87C10ADF87C10BDF87C10A0F88010EB
:103B0000ADF87C50BDF87C10ADF87C10BDF87C1091
:103B1000A0F88010ADF87CE0BDF87C10ADF87C100A
:103B2000BDF87C10A0F880100021ADF87C10BDF825
:103B30007C10ADF87C10BDF87C10A0F88010D82166
:103B4000ADF87C10BDF87C10ADF87C10BDF87C1091
:103B5000A0F880100021ADF87C10BDF87C10ADF805
:103B60007C10BDF87C10A0F88010ADF87C70BDF81A
:103B70007C10ADF87C10BDF87C10A0F880100021FE
:103B8000ADF87C10BDF87C10ADF87C10BDF87C1051
:103B9000A0F88010ADF87C90BDF87C10ADF87C10DA
:103BA000BDF87C10A0F880100021ADF87C10BDF8A5
:103BB0007C10ADF87C10BDF87C10A0F88010E221DC
:103BC000ADF87C10BDF87C10ADF87C10BDF87C1011
:103BD000A0F87E100527ADF87C70BDF87C10ADF81C
:103BE0007C10BDF87C10A0F880100021ADF87C108E
:103BF000BDF87C10ADF87C10BDF87C10A0F88010EA
:103C00000B21ADF87C10BDF87C10ADF87C10BDF830
:103C10007C10A0F880100021ADF87C10BDF87C105D
:103C2000ADF87C10BDF87C10A0F880101B21ADF819
:103C30007C10BDF87C10ADF87C10BDF87C10A0F8AD
:103C400080100021ADF87C10BDF87C10ADF87C1020
:103C5000BDF87C10A0F880103421ADF87C10BDF8C0
:103C60007C10ADF87C10BDF87C10A0F8801000210D
:103C7000ADF87C10BDF87C10ADF87C10BDF87C1060
:103C8000A0F880104421ADF87C10BDF87C10ADF890
:103C90007C10BDF87C10A0F880100021ADF87C10DD
:103CA000BDF87C10ADF87C10BDF87C10A0F8801039
:103CB0004F21ADF87C10BDF87C10ADF87C10BDF83C
:103CC0007C10A0F880100021ADF87C10BDF87C10AD
:103CD000ADF87C10BDF87C10A0F880106121ADF823
:103CE0007C10BDF87C10ADF87C10BDF87C10A0F8FD
:103CF00080100021ADF87C10BDF87C10ADF87C1070
:103D0000BDF87C10A0F880107921ADF87C10BDF8CA
:103D10007C10ADF87C10BDF87C10A0F8801000215C
:103D2000ADF87C10BDF87C10ADF87C10BDF87C10AF
:103D3000A0F880108821ADF87C10BDF87C20ADF88B
:103D40007C20BDF87C20A0F880200022ADF87C20EB
:103D5000BDF87C20ADF87C20BDF87C20A0F8802048
:103D60009722ADF87C20BDF87C20ADF87C20BDF812
:103D70007C20A0F880200022ADF87C20BDF87C20BB
:103D8000ADF87C20BDF87C20A0F88020A622ADF8FC
:103D90007C20BDF87C20ADF87C20BDF87C20A0F80C
:103DA00080200022ADF87C20BDF87C20ADF87C207E
:103DB000BDF87C20A0F880204FF0B70BADF87CB0A8
:103DC000BDF87C20ADF87C20BDF87C20A0F88020D8
:103DD0000022ADF87C20BDF87C20ADF87C20BDF839
:103DE0007C20A0F88020C222ADF87C20BDF87C3079
:103DF000ADF87C30BDF87C30A0F880300023ADF801
:103E00007C30BDF87C30ADF87C30BDF87C30A0F85B
:103E10008030C723ADF87C30BDF87CC0ADF87CC0E5
:103E2000BDF87CC0A0F880C04FF0000CADF87CC09D
:103E3000BDF87CC0ADF87CC0BDF87CC0A0F880C0E7
:103E40004FF0D10CADF87CC0BDF87CA0ADF87CA0E3
:103E5000BDF87CA0A0F880A04FF0000AADF87CA0CF
:103E6000BDF87CA0ADF87CA0BDF87CA0A0F880A037
:103E70004FF0D60AADF87CA0BDF87CA0ADF87CA0D0
:103E8000BDF87CA0A0F880A04FF0000AADF87CA09F
:103E9000BDF87CA0ADF87CA0BDF87CA0A0F880A007
:103EA0004FF0DD0AADF87CA0BDF87CA0ADF87CA099
:103EB000BDF87CA0A0F880A04FF0000AADF87CA06F
:103EC000BDF87CA0ADF87CA0BDF87CA0A0F880A0D7
:103ED000ADF87C90BDF87CA0ADF87CA0BDF87CA0CE
:103EE000A0F880A04FF0000AADF87CA0BDF87CA03F
:103EF000ADF87CA0BDF87CA0A0F880A04FF0E30A4C
:103F0000ADF87CA0BDF87CA0ADF87CA0BDF87CA08D
:103F1000A0F87EA0ADF87C70BDF87C70ADF87C7028
:103F2000BDF87C70A0F88070ADF87C50BDF87C7056
:103F3000ADF87C70BDF87C70A0F880700A27ADF8F1
:103F40007C70BDF87C70ADF87C70BDF87C70A0F81A
:103F50008070ADF87C50BDF87C70ADF87C70BDF819
:103F60007C70A0F880701C27ADF87C70BDF87C7068
:103F7000ADF87C70BDF87C70A0F88070ADF87C5016
:103F8000BDF87C70ADF87C70BDF87C70A0F88070D6
:103F90003327ADF87C70BDF87C70ADF87C70BDF84F
:103FA0007C70A0F88070ADF87C50BDF87C70ADF8E6
:103FB0007C70BDF87C70A0F880704427ADF87C70F0
:103FC000BDF87C70ADF87C70BDF87C70A0F8807096
:103FD000ADF87C50BDF87C70ADF87C70BDF87C709D
:103FE000A0F880705027ADF87C70BDF87C70ADF8FB
:103FF0007C70BDF87C70A0F88070ADF87C50BDF886
:104000007C70ADF87C70BDF87C70A0F88070622781
:10401000ADF87C70BDF87C70ADF87C70BDF87C703C
:10402000A0F88070ADF87C50BDF87C70ADF87C7065
:10403000BDF87C70A0F880707827ADF87C70BDF872
:104040007C70ADF87C70BDF87C70A0F88070ADF825
:104050007C50BDF87C70ADF87C70BDF87C70A0F829
:104060008070ADF87C10BDF87C70ADF87C70BDF848
:104070007C70A0F88070ADF87C50BDF87C70ADF815
:104080007C70BDF87C70A0F880709727ADF87C70CC
:10409000BDF87C70ADF87C70BDF87C70A0F88070C5
:1040A000ADF87C50BDF87C70ADF87C70BDF87C70CC
:1040B000A0F88070A627ADF87C70BDF87C70ADF8D4
:1040C0007C70BDF87C70A0F88070ADF87C50BDF8B5
:1040D0007C70ADF87C70BDF87C70A0F88070ADF895
:1040E0007CB0BDF87C70ADF87C70BDF87C70A0F839
:1040F0008070ADF87C50BDF87C70ADF87C70BDF878
:104100007C70A0F88070ADF87C20BDF87C20ADF804
:104110007C20BDF87C20A0F88020ADF87C50BDF854
:104120007C20ADF87C20BDF87C20A0F88020ADF884
:104130007C30BDF87C20ADF87C20BDF87C20A0F858
:104140008020ADF87C50BDF87C20ADF87C20BDF817
:104150007C20A0F88020ADF87CC0BDF87C20ADF8B4
:104160007C20BDF87C20A0F88020ADF87C50BDF804
:104170007C20ADF87C20BDF87C20A0F88020D522E2
:10418000ADF87C20BDF87C20ADF87C20BDF87C200B
:10419000A0F88020ADF87C50BDF87C20ADF87C20E4
:1041A000BDF87C20A0F88020DD22ADF87C20BDF891
:1041B0007C30ADF87C30BDF87C30A0F88030ADF8B4
:1041C0007C50BDF87C30ADF87C30BDF87C30A0F878
:1041D0008030ADF87C90BDF87C30ADF87C30BDF817
:1041E0007C30A0F88030ADF87C50BDF87C30ADF864
:1041F0007C30BDF87C30A0F88030E423ADF87C3012
:10420000BDF87C30ADF87C30BDF87C30A0F87E3055
:10421000ADF87C60BDF87C30ADF87C30BDF87C300A
:10422000A0F88030ADF87C50BDF87C30ADF87C3023
:10423000BDF87C30A0F88030ADF87C60BDF87C30F3
:10424000ADF87C30BDF87C30A0F88030ADF87C5003
:10425000BDF87C30ADF87C30BDF87C30A0F8803003
:104260000223ADF87C30BDF87CC0ADF87CC0BDF851
:104270007CC0A0F880C0ADF87C50BDF87CC0ADF823
:104280007CC0BDF87CC0A0F880C04FF02A0CADF80F
:104290007CC0BDF87CC0ADF87CC0BDF87CC0A0F887
:1042A00080C0ADF87C50BDF87CC0ADF87CC0BDF8D6
:1042B0007CC0A0F880C04FF03C0EADF87CE0BDF8AB
:1042C0007CC0ADF87CC0BDF87CC0A0F880C0ADF863
:1042D0007C50BDF87CC0ADF87CC0BDF87CC0A0F8B7
:1042E00080C04FF04B0CADF87CC0BDF87CC0ADF881
:1042F0007CC0BDF87CC0A4F880C0ADF87C50BDF88F
:104300007C00ADF87C00BDF87C00A4F880005D2046
:10431000ADF87C00BDF87C00ADF87C00BDF87C00F9
:10432000A4F880000020ADF87C00BDF87C00ADF85A
:104330007C00BDF87C00A4F880007420ADF87C00FF
:10434000BDF87C00ADF87C00BDF87C00A4F88000CE
:104350000020ADF87C00BDF87C00ADF87C00BDF815
:104360007C00A4F880008420ADF87C00BDF87CC0FF
:10437000ADF87CC0BDF87CC0A4F880C04FF0000C44
:10438000ADF87CC0BDF87CC0ADF87CC0BDF87CC089
:10439000A4F880C04FF0930CADF87CC0BDF87CC091
:1043A000ADF87CC0BDF87CC0A4F880C04FF0000C14
:1043B000ADF87CC0BDF87CC0ADF87CC0BDF87CC059
:1043C000A4F880C04FF0A20BADF87CB0BDF87CC063
:1043D000ADF87CC0BDF87CC0A4F880C04FF0000CE4
:1043E000ADF87CC0BDF87CC0ADF87CC0BDF87CC029
:1043F000A4F880C04FF0B30CADF87CC0BDF87C7061
:10440000ADF87C70BDF87C70A4F880700027ADF822
:104410007C70BDF87C70ADF87C70BDF87C70A4F841
:104420008070BE27ADF87C70BDF87C70ADF87C70F4
:10443000BDF87C70A4F880700027ADF87C70BDF8E2
:104440007C70ADF87C70BDF87C70A4F88070C427D7
:10445000ADF87C70BDF87CA0ADF87CA0BDF87CA068
:10446000A4F880A04FF0000AADF87CA0BDF87CA0B5
:10447000ADF87CA0BDF87CA0A4F880A04FF0CD0AD8
:10448000ADF87CA0BDF87CA0ADF87CA0BDF87CA008
:10449000A4F880A04FF0000AADF87CA0BDF87CA085
:1044A000ADF87CA0BDF87CA0A4F880A04FF0D30AA2
:1044B000ADF87CA0BDF87CA0ADF87CA0BDF87CA0D8
:1044C000A4F880A04FF0000AADF87CA0BDF87CA055
:1044D000ADF87CA0BDF87CA0A4F880A0ADF87C204D
:1044E000BDF87C20ADF87C20BDF87C20A4F88020AD
:1044F0000022ADF87C20BDF87C20ADF87C20BDF812
:104500007C20A4F88020ADF87C90BDF87C20ADF82C
:104510007C20BDF87C20A4F880200022ADF87C200F
:10452000BDF87C20ADF87C20BDF87C20A4F880206C
:10453000E522ADF87C20BDF87C20ADF87C20BDF8EC
:104540007C20A4F87E200022ADF87C20BDF87C20E1
:10455000ADF87C20BDF87C20A4F880200022ADF8C6
:104560007C20BDF87C20ADF87C20BDF87C20A4F830
:1045700080200022ADF87C20BDF87C20ADF87C20A6
:10458000BDF87C20A4F880200022ADF87C20BDF886
:104590007C20ADF87C20BDF87C20A4F88020ADF80C
:1045A0007C30BDF87C20ADF87C20BDF87C20A4F8E0
:1045B00080200022ADF87C20BDF87C20ADF87C2066
:1045C000BDF87C20A4F880202922ADF87C20BDF81D
:1045D0007C20ADF87C20BDF87C20A4F8802000224F
:1045E000ADF87C20BDF87C20ADF87C20BDF87C20A7
:1045F000A4F88020ADF87CE0BDF87C20ADF87C20EC
:10460000BDF87C20A4F880200022ADF87C20BDF805
:104610007C20ADF87C20BDF87C20A4F880204B22C3
:10462000ADF87C20BDF87C20ADF87C20BDF87C2066
:10463000A4F880200022ADF87C20BDF87C20ADF8E5
:104640007C20BDF87C20A4F880205D22ADF87C2081
:10465000BDF87C20ADF87C20BDF87C20A4F880203B
:104660000022ADF87C20BDF87C20ADF87C20BDF8A0
:104670007C20A4F880207422ADF87C20BDF87C203A
:10468000ADF87C20BDF87C20A4F880200022ADF895
:104690007C20BDF87C20ADF87C20BDF87C20A4F8FF
:1046A0008020ADF87C00BDF87C00ADF87C00BDF842
:1046B0007C00A4F880000020ADF87C00BDF87C00F0
:1046C000ADF87C00BDF87C00A4F880009320ADF824
:1046D0007C00BDF87C00ADF87C00BDF87C00A4F83F
:1046E00080000020ADF87C00BDF87C00ADF87C00B7
:1046F000BDF87C00A4F88000ADF87CB0BDF87C006B
:10470000ADF87C00BDF87C00A4F88000ADF87C50CA
:10471000BDF87C00ADF87C00BDF87C00A4F88000FA
:10472000ADF87CC0BDF87C00ADF87C00BDF87C0025
:10473000A4F88000ADF87C50BDF87C00ADF87C009A
:10474000BDF87C00A4F88000BE20ADF87C00BDF868
:104750007C00ADF87C00BDF87C00A4F88000ADF8CA
:104760007C50BDF87C00ADF87C00BDF87C00A4F85E
:104770008000ADF87C70BDF87C00ADF87C00BDF821
:104780007C00A4F88000ADF87C50BDF87C00ADF84A
:104790007C00BDF87C00A4F88000CD20ADF87C0042
:1047A000BDF87C00ADF87C00BDF87C00A4F880006A
:1047B000ADF87C50BDF87C00ADF87C00BDF87C0005
:1047C000A4F88000D320ADF87C00BDF87C00ADF8E3
:1047D0007C00BDF87C00A4F88000ADF87C50BDF8EA
:1047E0007C00ADF87C00BDF87C00A4F88000DC20E3
:1047F000ADF87C00BDF87C00ADF87C00BDF87C0015
:10480000A4F88000ADF87C50BDF87C00ADF87C00C9
:10481000BDF87C00A4F88000F320ADF87C00BDF862
:104820007C00ADF87C00BDF87C00A4F88000ADF8F9
:104830007C50BDF87C00ADF87C00BDF87C00A4F88D
:104840008000E620ADF87C00BDF87C00ADF87C006F
:10485000BDF87C00A4F87E001120ADF87C00BDF806
:104860007C00ADF87C00BDF87C00A4F88000ADF8B9
:104870007C50BDF87C00ADF87C00BDF87C00A4F84D
:1048800080003420ADF87C00BDF87C00ADF87C00E1
:10489000BDF87C00A4F88000ADF87C50BDF87C0029
:1048A000ADF87C00BDF87C00A4F880005620ADF87F
:1048B0007C00BDF87C00ADF87C00BDF87C00A4F85D
:1048C0008000ADF87C50BDF87C00ADF87C00BDF8F0
:1048D0007C00A4F880004FF07609ADF87C90BDF81C
:1048E0007C00ADF87C00BDF87C00A4F88000ADF839
:1048F0007C50BDF87C00ADF87C00BDF87C00A4F8CD
:1049000080004FF0770CADF87CC0BDF87C00ADF8AE
:104910007C00BDF87C00A4F88000ADF87C50BDF8A8
:104920007C00ADF87C00BDF87C00A4F88000662215
:10493000ADF87C20BDF87C00ADF87C00BDF87C00B3
:10494000A4F88000ADF87C50BDF87C00ADF87C0088
:10495000BDF87C00A4F88000ADF87C10BDF87C00A8
:10496000ADF87C00BDF87C00A4F88000ADF87C5068
:10497000BDF87C00ADF87C00BDF87C00A4F8800098
:104980009920ADF87C00BDF87C30ADF87C30BDF8E6
:104990007C30A4F88030ADF87C50BDF87C30ADF8A8
:1049A0007C30BDF87C30A4F880304FF0BB0BADF804
:1049B0007CB0BDF87C30ADF87C30BDF87C30A4F81C
:1049C0008030ADF87C50BDF87C30ADF87C30BDF85F
:1049D0007C30A4F88030ADF87C00BDF87C30ADF8B8
:1049E0007C30BDF87C30A4F88030ADF87C50BDF848
:1049F0007C30ADF87C30BDF87C30A4F88030ADF868
:104A00007C20BDF87C30ADF87C30BDF87C30A4F85B
:104A10008030ADF87C50BDF87C30ADF87C30BDF80E
:104A20007C30A4F880305527ADF87C70BDF87C3020
:104A3000ADF87C30BDF87C30A4F88030ADF87C5007
:104A4000BDF87C30ADF87C30BDF87C30A4F8803007
:104A5000ADF87C70BDF87C30ADF87C30BDF87C30B2
:104A6000A4F88030ADF87C50BDF87C30ADF87C30D7
:104A7000BDF87C30A4F880304FF0450EADF87CE0F6
:104A8000BDF87C30ADF87C30BDF87C30A4F88030C7
:104A9000ADF87C50BDF87C30ADF87C30BDF87C3092
:104AA000A4F880304323ADF87C30BDF87C30ADF8FD
:104AB0007C30BDF87C30A4F88030ADF87C50BDF877
:104AC0007C30ADF87C30BDF87C30A4F880304423D5
:104AD000ADF87C30BDF87CA0ADF87CA0BDF87CA022
:104AE000A4F880A0ADF87C50BDF87CA0ADF87CA007
:104AF000BDF87CA0A4F880A04FF0E70AADF87CA038
:104B0000BDF87CA0ADF87CA0BDF87CA0A4F87EA088
:104B10004FF0320AADF87CA0BDF87CA0ADF87CA0C7
:104B2000BDF87CA0A4F880A0ADF87C50BDF87CA0B6
:104B3000ADF87CA0BDF87CA0A4F880A0ADF87C7096
:104B4000BDF87CA0ADF87CA0BDF87CA0A4F880A046
:104B5000ADF87C50BDF87CA0ADF87CA0BDF87CA081
:104B6000A4F880A0ADF87C90BDF87C90ADF87C9066
:104B7000BDF87C90A4F88090ADF87C50BDF87C9096
:104B8000ADF87C90BDF87C90A4F88090ADF87C20C6
:104B9000BDF87C90ADF87C90BDF87C90A4F8809036
:104BA000ADF87C50BDF87C90ADF87C90BDF87C9061
:104BB000A4F880904FF06709ADF87C90BDF87CA018
:104BC000ADF87CA0BDF87CA0A4F880A0ADF87C5026
:104BD000BDF87CA0ADF87CA0BDF87CA0A4F880A0B6
:104BE000ADF87C90BDF87C90ADF87C90BDF87C90E1
:104BF000A4F88090ADF87C50BDF87C90ADF87C9026
:104C0000BDF87C90A4F880904FF0870AADF87CA0A6
:104C1000BDF87C90ADF87C90BDF87C90A4F88090B5
:104C2000ADF87C50BDF87C90ADF87C90BDF87C90E0
:104C3000A4F88090ADF87C00BDF87C90ADF87C9035
:104C4000BDF87C90A4F88090ADF87C50BDF87C90C5
:104C5000ADF87C90BDF87C90A4F88090ADF87CB065
:104C6000BDF87C90ADF87C90BDF87C90A4F8809065
:104C7000ADF87C50BDF87C90ADF87C90BDF87C9090
:104C8000A4F88090ADF87C00BDF87C90ADF87C90E5
:104C9000BDF87C90A4F88090ADF87C50BDF87C9075
:104CA000ADF87C90BDF87C90A4F88090ADF87CC005
:104CB000BDF87C90ADF87C90BDF87C90A4F8809015
:104CC000ADF87C50BDF87C90ADF87C90BDF87C9040
:104CD000A4F88090ADF87C30BDF87C90ADF87C9065
:104CE000BDF87C90A4F88090ADF87C50BDF87C9025
:104CF000ADF87C90BDF87C90A4F880904FF05609F8
:104D0000ADF87C90BDF87C90ADF87C90BDF87C90BF
:104D1000A4F88090ADF87C50BDF87C90ADF87C9004
:104D2000BDF87C90A4F880904FF02309ADF87C90FA
:104D3000BDF87C90ADF87C90BDF87C90A4F8809094
:104D4000ADF87C50BDF87C90ADF87C90BDF87C90BF
:104D5000A4F880904FF03309ADF87C90BDF87C90BA
:104D6000ADF87C90BDF87C90A4F88090ADF87C50B4
:104D7000BDF87C90ADF87C90BDF87C90A4F8809054
:104D8000ADF87CE0BDF87C90ADF87C90BDF87C90EF
:104D9000A4F88090ADF87C50BDF87C90ADF87C9084
:104DA000BDF87C90A4F880904FF0E809ADF87C90B5
:104DB000BDF87C90ADF87C90BDF87C90A4F87E9016
:104DC000ADF87C50BDF87C90ADF87C90BDF87C903F
:104DD000A4F88090ADF87C50BDF87C90ADF87C9044
:104DE000BDF87C90A4F88090ADF87C00BDF87C9074
:104DF000ADF87C90BDF87C90A4F88090ADF87C5024
:104E0000BDF87C90ADF87C90BDF87C90A4F88090C3
:104E1000ADF87CA0BDF87C90ADF87C90BDF87C909E
:104E2000A4F88090ADF87C50BDF87C90ADF87C90F3
:104E3000BDF87C90A4F88090ADF87C10BDF87C9013
:104E4000ADF87C90BDF87C90A4F88090ADF87C50D3
:104E5000BDF87C90ADF87C90BDF87C90A4F8809073
:104E6000ADF87CC0BDF87CC0ADF87CC0BDF87CC09E
:104E7000A4F880C0ADF87C50BDF87CC0ADF87CC013
:104E8000BDF87CC0A4F880C0ADF87C20BDF87CC023
:104E9000ADF87CC0BDF87CC0A4F880C0ADF87C50F3
:104EA000BDF87CC0ADF87CC0BDF87CC0A4F880C063
:104EB000ADF87C10BDF87C10ADF87C10BDF87C100E
:104EC000A4F88010ADF87C50BDF87C10ADF87C10D3
:104ED000BDF87C10A4F88010AA21ADF87C10BDF8B4
:104EE0007CC0ADF87CC0BDF87CC0A4F880C0ADF833
:104EF0007C50BDF87CC0ADF87CC0BDF87CC0A4F887
:104F000080C0ADF87CB0BDF87CC0ADF87CC0BDF809
:104F10007CC0A4F880C0ADF87C50BDF87CC0ADF872
:104F20007CC0BDF87CC0A4F880C0ADF87C00BDF8A2
:104F30007C00ADF87C00BDF87C00A4F88000ADF8E2
:104F40007C50BDF87C00ADF87C00BDF87C00A4F876
:104F50008000ADF87C20BDF87C00ADF87C00BDF889
:104F60007C00A4F88000ADF87C50BDF87C00ADF862
:104F70007C00BDF87C00A4F88000ADF87C70BDF822
:104F80007C00ADF87C00BDF87C00A4F88000ADF892
:104F90007C50BDF87C00ADF87C00BDF87C00A4F826
:104FA0008000ADF87C70BDF87C00ADF87C00BDF8E9
:104FB0007C00A4F88000ADF87C50BDF87C00ADF812
:104FC0007C00BDF87C00A4F88000ADF87C30BDF812
:104FD0007C00ADF87C00BDF87C00A4F88000ADF842
:104FE0007C50BDF87C00ADF87C00BDF87C00A4F8D6
:104FF0008000ADF87C30BDF87C00ADF87C00BDF8D9
:105000007C00A4F88000ADF87C50BDF87C00ADF8C1
:105010007C00BDF87C00A4F88000ADF87C70BDF881
:105020007C00ADF87C00BDF87C00A4F88000ADF8F1
:105030007C50BDF87C00ADF87C00BDF87C00A4F885
:105040008000E920ADF87C00BDF87C00ADF87C0064
:10505000BDF87C00A4F87E00ADF87C10BDF87C00A3
:10506000ADF87C00BDF87C00A4F88000ADF87C5061
:10507000BDF87C00ADF87C00BDF87C00A4F8800091
:10508000ADF87C50BDF87C00ADF87C00BDF87C002C
:10509000A4F88000ADF87C50BDF87C00ADF87C0031
:1050A000BDF87C00A4F88000ADF87C50BDF87C0011
:1050B000ADF87C00BDF87C00A4F87E00ADF87C1053
:1050C000BDF87C00ADF87C00BDF87C00A4F8800041
:1050D000CF20ADF87C00BDF87C00ADF87C00BDF8B9
:1050E0007C00A4F87E00ADF87C50BDF87C00ADF8E3
:1050F0007C00BDF87C00A4F88000ADF87C50BDF8C1
:105100007C00ADF87C00BDF87C00A4F88000ADF810
:105110007C50BDF87C00ADF87C00BDF87C00A4F8A4
:105120008000ADF87C50BDF87C00ADF87C00BDF887
:105130007C00A4F88000ADF87C50BDF87C00ADF890
:105140007C00BDF87C00A4F88000ADF87C50BDF870
:105150007C00ADF87C00BDF87C00A4F88000ADF8C0
:105160007C50BDF87C00ADF87C00BDF87C00A4F854
:105170008000ADF87C50BDF87C00ADF87C00BDF837
:105180007C00A4F88000ADF87C50BDF87C00ADF840
:105190007C00BDF87C00A4F88000ADF87C50BDF820
:1051A0007C00ADF87C00BDF87C00A4F88000ADF870
:1051B0007C50BDF87C00ADF87C00BDF87C00A4F804
:1051C0008000ADF87C50BDF87C00ADF87C00BDF8E7
:1051D0007C00A4F88000ADF87C50BDF87C00ADF8F0
:1051E0007C00BDF87C00A4F88000ADF87C50BDF8D0
:1051F0007C00ADF87C00BDF87C00A4F88000ADF820
:105200007C50BDF87C00ADF87C00BDF87C00A4F8B3
:105210008000ADF87C50BDF87C00ADF87C00BDF896
:105220007C00A4F88000ADF87C50BDF87C00ADF89F
:105230007C00BDF87C00A4F88000F020ADF87C0074
:10524000BDF87C00ADF87C00BDF87C00A4F87E00C1
:10525000ADF87C50BDF87C00ADF87C00BDF87C005A
:10526000A4F880005020ADF87C00BDF87C00ADF8BB
:105270007C00BDF87C00A4F88000ADF87C50BDF83F
:105280007C00ADF87C00BDF87C00A4F88000ADF88F
:105290007C50BDF87C00ADF87C00BDF87C00A4F823
:1052A0008000ADF87C50BDF87C00ADF87C00BDF806
:1052B0007C00A4F88000F320ADF87C00BDF87C00F1
:1052C000ADF87C00BDF87C00A4F87E00ADF87C5001
:1052D000BDF87C00ADF87C00BDF87C00A4F880002F
:1052E000F920ADF87C00BDF87C00ADF87C00BDF87D
:1052F0007C00A4F87E000620ADF87C00BDF87C00A0
:10530000ADF87C00BDF87C00A4F880001020ADF85A
:105310007C00BDF87C00ADF87C00BDF87C00A4F8F2
:1053200080004FF02909ADF87C90BDF87C00ADF805
:105330007C00BDF87C00A4F88000ADF87C50BDF87E
:105340007C00ADF87C00BDF87C00A4F88000ADF8CE
:105350007C80BDF87C00ADF87C00BDF87C00A4F832
:105360007E00ADF87C70BDF87C00ADF87C00BDF827
:105370007C00A4F880001120ADF87C00BDF87C0012
:10538000ADF87C00BDF87C00A4F87E00642003F03A
:1053900095FDADF87C90BDF87C00ADF87C00BDF8C3
:1053A0007C00A4F87E003520ADF87C00BDF87C00C0
:1053B000ADF87C00BDF87C00A4F87E00ADF87C5010
:1053C000BDF87C00ADF87C00BDF87C00A4F880003E
:1053D0005120ADF87C00BDF87C00ADF87C00BDF834
:1053E0007C00A4F87E00FF20ADF87C00BDF87C00B6
:1053F000ADF87C00BDF87C00A4F880005320ADF827
:105400007C00BDF87C00ADF87C00BDF87C00A4F801
:105410007E002C20ADF87C00BDF87C10ADF87C102F
:10542000BDF87C10A4F88010ADF87C70BDF87C103D
:10543000ADF87C10BDF87C10A4F87E108221ADF888
:105440007C10BDF87C10ADF87C10BDF87C10A4F881
:105450008010ADF87C00BDF87C00ADF87C00BDF894
:105460007C00A4F87E0002F082BC00BF4FF47041C3
:105470005520A4F87E10A4F88000491CAA20A4F8A6
:105480007E10A4F88000481C5221A4F87E00A4F8E5
:105490008010411C0820A4F87E10A4F88000491C4C
:1054A0000120A4F87E10A4F880004FF430410D20B4
:1054B000A4F87E10A4F88000491CA4F87E10A4F87B
:1054C0008000481C0D21A4F87E00A4F880104FF441
:1054D00036403421A4F87E00A4F88010401CA4F8C3
:1054E0007E00A4F88010401CA4F87E00A4F8801070
:1054F0004FF431400D21A4F87E00A4F88010401C28
:10550000A4F87E00A4F88010401CA4F87E00A4F843
:1055100080104FF437413420A4F87E10A4F88000A6
:10552000481C3421A4F87E00A4F88010411C3420CB
:10553000A4F87E10A4F880004FF432400021A4F8B3
:105540007E00A4F88010401CA4F87E00A4F880100F
:10555000401CA4F87E00A4F880104FF438402421A9
:10556000A4F87E00A4F88010401CA4F87E00A4F8E3
:105570008010401CA4F87E00A4F880104FF43F4136
:105580000120A4F87E10A4F880004FF433400F21CE
:10559000A4F87E00A4F88010411C0F20A4F87E100F
:1055A000A4F88000491CA4F87E10A4F880004FF4F1
:1055B00039403421A4F87E00A4F88010411C342026
:1055C000A4F87E10A4F88000491CA4F87E10A4F86A
:1055D00080004FF435400821A4F87E00A4F8801024
:1055E000401CA4F87E00A4F88010411C0820A4F8F8
:1055F0007E10A4F880004FF442400321A4F87E00FE
:10560000A4F880104FF43A412420A4F87E10A4F8A6
:105610008000481C2421A4F87E00A4F88010411CBE
:105620002420A4F87E10A4F880004FF43C41002010
:10563000A4F87E10A4F88000491C7820A4F87E10FD
:10564000A4F88000491C0020A4F87E10A4F8800073
:105650004FF43D41A4F87E10A4F88000481C782146
:10566000A4F87E00A4F88010401C0021A4F87E005D
:10567000A4F880104FF43E40A4F87E00A4F88010F7
:10568000401C6421A4F87E00A4F880104FF451401F
:105690000021A4F87E00A4F88010411C3320A4F857
:1056A0007E10A4F88000491C0020A4F87E10A4F805
:1056B0008000481C3421A4F87E00A4F88010401C0F
:1056C0000021A4F87E00A4F88010411C3A20A4F820
:1056D0007E10A4F88000481C0021A4F87E00A4F8E5
:1056E0008010411C4A20A4F87E10A4F88000481CB9
:1056F0000021A4F87E00A4F88010411C5C20A4F8CE
:105700007E10A4F88000481C0021A4F87E00A4F8B4
:105710008010401C8121A4F87E00A4F88010401C59
:105720000021A4F87E00A4F88010411CA620A4F853
:105730007E10A4F88000481C0021A4F87E00A4F884
:105740008010401CE521A4F87E00A4F88010401CC5
:105750000121A4F87E00A4F88010411C1320A4F8B5
:105760007E10A4F88000491C0120A4F87E10A4F843
:105770008000481C5421A4F87E00A4F88010411C2D
:105780000120A4F87E10A4F88000491C8220A4F80F
:105790007E10A4F88000491C0120A4F87E10A4F813
:1057A0008000481CCA21A4F87E00A4F88010411C87
:1057B0000220A4F87E10A4F88000491C0020A4F860
:1057C0007E10A4F88000481C0221A4F87E00A4F8F2
:1057D0008010401C0121A4F87E00A4F88010401C19
:1057E0000221A4F87E00A4F88010411C3420A4F803
:1057F0007E10A4F88000481C0221A4F87E00A4F8C2
:105800008010401C6721A4F87E00A4F88010411C81
:105810000220A4F87E10A4F88000481C8421A4F87B
:105820007E00A4F88010411C0220A4F87E10A4F889
:105830008000481CA421A4F87E00A4F88010411C1C
:105840000220A4F87E10A4F88000491CB720A4F818
:105850007E10A4F88000491C0220A4F87E10A4F851
:105860008000481CCF21A4F87E00A4F88010401CC2
:105870000221A4F87E00A4F88010411CDE20A4F8C8
:105880007E10A4F88000491C0220A4F87E10A4F821
:105890008000481CF221A4F87E00A4F88010411C6E
:1058A0000220A4F87E10A4F88000491CFE20A4F871
:1058B0007E10A4F88000481C0321A4F87E00A4F800
:1058C0008010401C1021A4F87E00A4F88010401C19
:1058D0000321A4F87E00A4F88010401C3321A4F812
:1058E0007E00A4F88010401C0321A4F87E00A4F8D8
:1058F0008010401C6D21A4F87E00A4F880104FF4A5
:1059000052410020A4F87E10A4F88000481C3321E6
:10591000A4F87E00A4F88010411C0020A4F87E109A
:10592000A4F88000481C3421A4F87E00A4F880105C
:10593000411C0020A4F87E10A4F88000491C3A20E5
:10594000A4F87E10A4F88000491C0020A4F87E1062
:10595000A4F88000481C4A21A4F87E00A4F8801016
:10596000411C0020A4F87E10A4F88000491C5C2093
:10597000A4F87E10A4F88000491C0020A4F87E1032
:10598000A4F88000491C8120A4F87E10A4F88000AF
:10599000481C0021A4F87E00A4F88010411CA62019
:1059A000A4F87E10A4F88000491C0020A4F87E1002
:1059B000A4F88000491CE520A4F87E10A4F880001B
:1059C000491C0120A4F87E10A4F88000491C132073
:1059D000A4F87E10A4F88000481C0121A4F87E00E1
:1059E000A4F88010411C5420A4F87E10A4F8800074
:1059F000481C0121A4F87E00A4F88010411C8220DC
:105A0000A4F87E10A4F88000491C0120A4F87E10A0
:105A1000A4F88000481CCA21A4F87E00A4F88010D5
:105A2000411C0220A4F87E10A4F88000491C00202C
:105A3000A4F87E10A4F88000481C0221A4F87E007F
:105A4000A4F88010411C0120A4F87E10A4F8800066
:105A5000481C0221A4F87E00A4F88010401C3421C8
:105A6000A4F87E00A4F88010401C0221A4F87E0057
:105A7000A4F88010411C6720A4F87E10A4F88000D0
:105A8000491C0220A4F87E10A4F88000491C842040
:105A9000A4F87E10A4F88000491C0220A4F87E100F
:105AA000A4F88000491CA420A4F87E10A4F880006B
:105AB000481C0221A4F87E00A4F88010411CB720E5
:105AC000A4F87E10A4F88000481C0221A4F87E00EF
:105AD000A4F88010411CCF20A4F87E10A4F8800008
:105AE000481C0221A4F87E00A4F88010411CDE208E
:105AF000A4F87E10A4F88000491C0220A4F87E10AF
:105B0000A4F88000491CF220A4F87E10A4F88000BC
:105B1000491C0220A4F87E10A4F88000491CFE2035
:105B2000A4F87E10A4F88000491C0320A4F87E107D
:105B3000A4F88000491C1020A4F87E10A4F880006E
:105B4000481C0321A4F87E00A4F88010411C3320D7
:105B5000A4F87E10A4F88000481C0321A4F87E005D
:105B6000A4F88010411C6D20A4F87E10A4F88000D9
:105B70004FF453410020A4F87E10A4F88000491C83
:105B80003320A4F87E10A4F88000491C0020A4F85B
:105B90007E10A4F88000491C3420A4F87E10A4F8DC
:105BA0008000491C0020A4F87E10A4F88000491C45
:105BB0003A20A4F87E10A4F88000491C0020A4F824
:105BC0007E10A4F88000491C4A20A4F87E10A4F896
:105BD0008000491C0020A4F87E10A4F88000491C15
:105BE0005C20A4F87E10A4F88000491C0020A4F8D2
:105BF0007E10A4F88000481C8121A4F87E00A4F83F
:105C00008010401C0021A4F87E00A4F88010401CE5
:105C1000A621A4F87E00A4F88010401C0021A4F85E
:105C20007E00A4F88010411CE520A4F87E10A4F8A2
:105C30008000491C0120A4F87E10A4F88000481CB4
:105C40001321A4F87E00A4F88010411C0120A4F8C0
:105C50007E10A4F88000481C5421A4F87E00A4F80B
:105C60008010411C0120A4F87E10A4F88000491C7B
:105C70008220A4F87E10A4F88000491C0120A4F81A
:105C80007E10A4F88000491CCA20A4F87E10A4F855
:105C90008000491C0220A4F87E10A4F88000491C52
:105CA0000020A4F87E10A4F88000491C0220A4F86B
:105CB0007E10A4F88000481C0121A4F87E00A4F8FE
:105CC0008010401C0221A4F87E00A4F88010411C22
:105CD0003420A4F87E10A4F88000491C0220A4F807
:105CE0007E10A4F88000491C6720A4F87E10A4F858
:105CF0008000491C0220A4F87E10A4F88000491CF2
:105D00008420A4F87E10A4F88000491C0220A4F886
:105D10007E10A4F88000491CA420A4F87E10A4F8EA
:105D20008000491C0220A4F87E10A4F88000491CC1
:105D3000B720A4F87E10A4F88000491C0220A4F823
:105D40007E10A4F88000491CCF20A4F87E10A4F88F
:105D50008000491C0220A4F87E10A4F88000491C91
:105D6000DE20A4F87E10A4F88000491C0220A4F8CC
:105D70007E10A4F88000491CF220A4F87E10A4F83C
:105D80008000491C0220A4F87E10A4F88000491C61
:105D9000FE20A4F87E10A4F88000491C0320A4F87B
:105DA0007E10A4F88000491C1020A4F87E10A4F8EE
:105DB0008000491C0320A4F87E10A4F88000491C30
:105DC0003320A4F87E10A4F88000491C0320A4F816
:105DD0007E10A4F88000491C6D20A4F87E10A4F861
:105DE00080004FF454410020A4F87E10A4F88000F5
:105DF000491C3320A4F87E10A4F88000491C002020
:105E0000A4F87E10A4F88000491C3420A4F87E1069
:105E1000A4F88000491C0020A4F87E10A4F880009B
:105E2000491C3A20A4F87E10A4F88000491C0020E8
:105E3000A4F87E10A4F88000491C4A20A4F87E1023
:105E4000A4F88000491C0020A4F87E10A4F880006B
:105E5000491C5C20A4F87E10A4F88000491C002096
:105E6000A4F87E10A4F88000491C8120A4F87E10BC
:105E7000A4F88000491C0020A4F87E10A4F880003B
:105E8000491CA620A4F87E10A4F88000491C00201C
:105E9000A4F87E10A4F88000491CE520A4F87E1028
:105EA000A4F88000491C0120A4F87E10A4F880000A
:105EB000491C1320A4F87E10A4F88000491C01207E
:105EC000A4F87E10A4F88000491C5420A4F87E1089
:105ED000A4F88000491C0120A4F87E10A4F88000DA
:105EE000491C8220A4F87E10A4F88000491C0120DF
:105EF000A4F87E10A4F88000491CCA20A4F87E10E3
:105F0000A4F88000491C0220A4F87E10A4F88000A8
:105F1000491C0020A4F87E10A4F88000491C02202F
:105F2000A4F87E10A4F88000491C0120A4F87E107B
:105F3000A4F88000491C0220A4F87E10A4F8800078
:105F4000491C3420A4F87E10A4F88000491C0220CB
:105F5000A4F87E10A4F88000491C6720A4F87E10E5
:105F6000A4F88000491C0220A4F87E10A4F8800048
:105F7000491C8420A4F87E10A4F88000491C02204B
:105F8000A4F87E10A4F88000491CA420A4F87E1078
:105F9000A4F88000491C0220A4F87E10A4F8800018
:105FA000491CB720A4F87E10A4F88000491C0220E8
:105FB000A4F87E10A4F88000491CCF20A4F87E101D
:105FC000A4F88000491C0220A4F87E10A4F88000E8
:105FD000491CDE20A4F87E10A4F88000491C022091
:105FE000A4F87E10A4F88000491CF220A4F87E10CA
:105FF000A4F88000491C0220A4F87E10A4F88000B8
:10600000491CFE20A4F87E10A4F88000491C03203F
:10601000A4F87E10A4F88000491C1020A4F87E107B
:10602000A4F88000491C0320A4F87E10A4F8800086
:10603000491C3320A4F87E10A4F88000491C0320DA
:10604000A4F87E10A4F88000491C6D20A4F87E10EE
:10605000A4F880004FF455410020A4F87E10A4F865
:106060008000491C3320A4F87E10A4F88000491C4D
:106070000020A4F87E10A4F88000491C3420A4F865
:106080007E10A4F88000491C0020A4F87E10A4F81B
:106090008000491C3A20A4F87E10A4F88000491C16
:1060A0000020A4F87E10A4F88000491C4A20A4F81F
:1060B0007E10A4F88000491C0020A4F87E10A4F8EB
:1060C0008000491C5C20A4F87E10A4F88000491CC4
:1060D0000020A4F87E10A4F88000491C8120A4F8B8
:1060E0007E10A4F88000491C0020A4F87E10A4F8BB
:1060F0008000491CA620A4F87E10A4F88000491C4A
:106100000020A4F87E10A4F88000491CE520A4F823
:106110007E10A4F88000491C0120A4F87E10A4F889
:106120008000491C1320A4F87E10A4F88000491CAC
:106130000120A4F87E10A4F88000491C5420A4F883
:106140007E10A4F88000491C0120A4F87E10A4F859
:106150008000491C8220A4F87E10A4F88000491C0D
:106160000120A4F87E10A4F88000491CCA20A4F8DD
:106170007E10A4F88000491C0220A4F87E10A4F828
:106180008000491C0020A4F87E10A4F88000491C5F
:106190000220A4F87E10A4F88000491C0120A4F875
:1061A0007E10A4F88000491C0220A4F87E10A4F8F8
:1061B0008000491C3420A4F87E10A4F88000491CFB
:1061C0000220A4F87E10A4F88000491C6720A4F8DF
:1061D0007E10A4F88000491C0220A4F87E10A4F8C8
:1061E0008000491C8420A4F87E10A4F88000491C7B
:1061F0000220A4F87E10A4F88000491CA420A4F872
:106200007E10A4F88000491C0220A4F87E10A4F897
:106210008000491CB720A4F87E10A4F88000491C17
:106220000220A4F87E10A4F88000491CCF20A4F816
:106230007E10A4F88000491C0220A4F87E10A4F867
:106240008000491CDE20A4F87E10A4F88000491CC0
:106250000220A4F87E10A4F88000491CF220A4F8C3
:106260007E10A4F88000491C0220A4F87E10A4F837
:106270008000491CFE20A4F87E10A4F88000491C70
:106280000320A4F87E10A4F88000491C1020A4F874
:106290007E10A4F88000491C0320A4F87E10A4F806
:1062A0008000491C3320A4F87E10A4F88000491C0B
:1062B0000320A4F87E10A4F88000491C6D20A4F8E7
:1062C0007E10A4F880004FF456410020A4F87E1000
:1062D000A4F88000491C3320A4F87E10A4F88000A4
:1062E000491C0020A4F87E10A4F88000491C34202A
:1062F000A4F87E10A4F88000491C0020A4F87E10A9
:10630000A4F88000491C3A20A4F87E10A4F880006C
:10631000491C0020A4F87E10A4F88000491C4A20E3
:10632000A4F87E10A4F88000491C0020A4F87E1078
:10633000A4F88000491C5C20A4F87E10A4F880001A
:10634000491C0020A4F87E10A4F88000491C81207C
:10635000A4F87E10A4F88000491C0020A4F87E1048
:10636000A4F88000491CA620A4F87E10A4F88000A0
:10637000491C0020A4F87E10A4F88000491CE520E8
:10638000A4F87E10A4F88000491C0120A4F87E1017
:10639000A4F88000491C1320A4F87E10A4F8800003
:1063A000491C0120A4F87E10A4F88000491C542048
:1063B000A4F87E10A4F88000491C0120A4F87E10E7
:1063C000A4F88000491C8220A4F87E10A4F8800064
:1063D000491C0120A4F87E10A4F88000491CCA20A2
:1063E000A4F87E10A4F88000491C0220A4F87E10B6
:1063F000A4F88000491C0020A4F87E10A4F88000B6
:10640000491C0220A4F87E10A4F88000491C012039
:10641000A4F87E10A4F88000491C0220A4F87E1085
:10642000A4F88000491C3420A4F87E10A4F8800051
:10643000491C0220A4F87E10A4F88000481C6721A3
:10644000A4F87E00A4F88010401C0221A4F87E006D
:10645000A4F88010401C8421A4F87E00A4F88010C9
:10646000411C0220A4F87E10A4F88000491CA4203E
:10647000A4F87E10A4F88000481C0221A4F87E0035
:10648000A4F88010401CB721A4F87E00A4F8801066
:10649000411C0220A4F87E10A4F88000491CCF20E3
:1064A000A4F87E10A4F88000491C0220A4F87E10F5
:1064B000A4F88000481CDE21A4F87E00A4F8801017
:1064C000401C0221A4F87E00A4F88010411CF22098
:1064D000A4F87E10A4F88000491C0220A4F87E10C5
:1064E000A4F88000491CFE20A4F87E10A4F88000C7
:1064F000491C0320A4F87E10A4F88000491C102039
:10650000A4F87E10A4F88000491C0320A4F87E1093
:10651000A4F88000491C3320A4F87E10A4F8800061
:10652000481C0321A4F87E00A4F88010411C6D20B3
:10653000A4F87E10A4F880004FF470405521A4F810
:106540007E00A4F88010411CAA20A4F87E10A4F8B4
:106550008000481C5221A4F87E00A4F88010411C41
:106560000820A4F87E10A4F88000481C0021A4F89C
:106570007E00A4F880104FF43141CC20A4F87E10A6
:10658000A4F88000481C0021A4F87E00A4F8801024
:106590004FF436400521A4F87E00A4F880104FF493
:1065A00037417020A4F87E10A4F88000481C7021A8
:1065B000A4F87E00A4F880104FF438410120A4F81C
:1065C0007E10A4F88000491C0320A4F87E10A4F8D3
:1065D0008000491CA4F87E10A4F88000481C032108
:1065E000A4F87E00A4F880104FF43C410220A4F8E7
:1065F0007E10A4F88000491C0020A4F87E10A4F8A6
:106600008000491CA4F87E10A4F880004FF4494192
:10661000D020A4F87E10A4F88000491C0220A4F821
:106620007E10A4F88000491C5020A4F87E10A4F825
:106630008000491CA4F87E10A4F88000491CA4F82E
:106640007E10A4F880004FF454510020A4F87E106E
:10665000A4F880004FF468505521A4F87E00A4F8F7
:1066600080104FF48850ADF87C00BDF87C00ADF888
:106670007C00BDF87C00A4F87E00782002F068FC65
:106680004FF42450ADF87C00BDF87C00ADF87C00E0
:10669000BDF87C00A4F87E0001F069BBADF87CE099
:1066A000BDF87C00ADF87C00BDF87C00A4F87E004D
:1066B000782002F003FC3620ADF87C00BDF87C1099
:1066C000ADF87C10BDF87C10A4F87E104821ADF820
:1066D0007C10BDF87C10ADF87C10BDF87C10A4F8DF
:1066E0008010ADF87C80BDF87C10ADF87C10BDF852
:1066F0007C10A4F87E105521ADF87C10BDF87C10FC
:10670000ADF87C10BDF87C10A4F88010F021ADF835
:106710007C10BDF87C20ADF87C20BDF87C20A4F86E
:106720007E20C322ADF87C20BDF87C20ADF87C2013
:10673000BDF87C20A4F88020ADF87C10BDF87C204A
:10674000ADF87C20BDF87C20A4F87E209622ADF820
:106750007C20BDF87C20ADF87C20BDF87C20A4F81E
:106760008020B422ADF87C20BDF87C20ADF87C20E0
:10677000BDF87C20A4F87E20ADF87C60BDF87C20BC
:10678000ADF87C20BDF87C20A4F88020B622ADF8BE
:106790007C20BDF87C20ADF87C20BDF87C20A4F8DE
:1067A0007E200A22ADF87C20BDF87C20ADF87C204C
:1067B000BDF87C20A4F88020A222ADF87C20BDF892
:1067C0007C20ADF87C20BDF87C20A4F88020B72286
:1067D000ADF87C20BDF87C20ADF87C20BDF87C2095
:1067E000A4F87E20C622ADF87C20BDF87C20ADF850
:1067F0007C20BDF87C20A4F88020B922ADF87C2054
:10680000BDF87C20ADF87C20BDF87C20A4F87E206B
:10681000ADF87C50BDF87C20ADF87C20BDF87C2024
:10682000A4F88020ADF87C70BDF87C20ADF87C2009
:10683000BDF87C20A4F88020C022ADF87C20BDF8F3
:106840007C20ADF87C20BDF87C20A4F87E2080223E
:10685000ADF87C20BDF87C20ADF87C20BDF87C2014
:10686000A4F880201623ADF87C30BDF87C20ADF86C
:106870007C20BDF87C20A4F88020C122ADF87C20CB
:10688000BDF87C20ADF87C20BDF87C20A4F87E20EB
:106890001922ADF87C20BDF87CC0ADF87CC0BDF8F5
:1068A0007CC0A4F880C04FF0C20CADF87CC0BDF82D
:1068B0007CC0ADF87CC0BDF87CC0A4F87EC04FF0B1
:1068C000A70CADF87CC0BDF87CC0ADF87CC0BDF8AD
:1068D0007CC0A4F880C04FF0C50CADF87CC0BDF8FA
:1068E0007CC0ADF87CC0BDF87CC0A4F87EC0ADF81B
:1068F0007C30BDF87C30ADF87C30BDF87C30A4F83D
:106900008030E823ADF87C30BDF87C30ADF87C30C9
:10691000BDF87C30A4F87E304023ADF87C30BDF863
:106920007C30ADF87C30BDF87C30A4F880308A2310
:10693000ADF87C30BDF87C30ADF87C30BDF87C30F3
:10694000A4F880300023ADF87C30BDF87CC0ADF8F1
:106950007CC0BDF87CC0A4F880C0ADF87C30BDF828
:106960007C30ADF87C30BDF87C30A4F88030ADF8D8
:106970007CA0BDF87C30ADF87C30BDF87C30A4F84C
:106980008030ADF87C20BDF87C20ADF87C20BDF8CF
:106990007C20A4F88020A522ADF87C20BDF87C20C6
:1069A000ADF87C20BDF87C20A4F880203322ADF81F
:1069B0007C20BDF87C20ADF87C20BDF87C20A4F8BC
:1069C0008020ADF87C70BDF87C20ADF87C20BDF84F
:1069D0007C20A4F87E20ADF87C10BDF87C20ADF8BA
:1069E0007C20BDF87C20A4F880200722ADF87C2014
:1069F000BDF87C20ADF87C20BDF87C20A4F8802078
:106A00000D22ADF87C20BDF87C20ADF87C20BDF8CF
:106A10007C20A4F880200422ADF87C20BDF87C20E6
:106A2000ADF87C20BDF87C20A4F880200522ADF8CC
:106A30007C20BDF87C20ADF87C20BDF87C20A4F83B
:106A400080201422ADF87C20BDF87C30ADF87C307D
:106A5000BDF87C30A4F88030ADF87C00BDF87C0037
:106A6000ADF87C00BDF87C00A4F880005420ADF89F
:106A70007C00BDF87C00ADF87C00BDF87C00A4F87B
:106A800080004C20ADF87C00BDF87C30ADF87C3047
:106A9000BDF87C30A4F880303823ADF87C30BDF8E8
:106AA0007C30ADF87C30BDF87C30A4F88030132306
:106AB000ADF87C30BDF87C30ADF87C30BDF87C3072
:106AC000A4F88030ADF87C20BDF87C30ADF87C3087
:106AD000BDF87C30A4F880302E23ADF87C30BDF8B2
:106AE0007C30ADF87C30BDF87C30A4F880303423A5
:106AF000ADF87C30BDF87C30ADF87C30BDF87C3032
:106B0000A4F88030E123ADF87C30BDF87C30ADF8DE
:106B10007C30BDF87C30A4F87E30ADF87C10BDF838
:106B20007C30ADF87C30BDF87C30A4F88030102388
:106B3000ADF87C30BDF87CC0ADF87CC0BDF87CC041
:106B4000A4F880C0ADF87C20BDF87C20ADF87C2096
:106B5000BDF87C20A4F880200E22ADF87C20BDF882
:106B60007C20ADF87C20BDF87C20A4F880200C228D
:106B7000ADF87C20BDF87C20ADF87C20BDF87C20F1
:106B8000A4F880200822ADF87C20BDF87C20ADF868
:106B90007C20BDF87C20A4F880203522ADF87C2034
:106BA000BDF87C20ADF87C20BDF87C20A4F88020C6
:106BB0004422ADF87C20BDF87C20ADF87C20BDF8E7
:106BC0007C20A4F88020ADF87C00BDF87C00ADF8F6
:106BD0007C00BDF87C00A4F880002620ADF87C0085
:106BE000BDF87C00ADF87C00BDF87C00A4F8800006
:106BF000ADF87C30BDF87C00ADF87C00BDF87C00C1
:106C0000A4F880001220ADF87C00BDF87C00ADF83F
:106C10007C00BDF87C00A4F880002C20ADF87C003E
:106C2000BDF87C00ADF87C00BDF87C00A4F88000C5
:106C30003220ADF87C00BDF87C00ADF87C00BDF8DA
:106C40007C00A4F88000ADF87C10BDF87C00ADF8A5
:106C50007C00BDF87C00A4F87E003C20ADF87C00F0
:106C6000BDF87C00ADF87C00BDF87C00A4F8800085
:106C7000ADF87C10BDF87C00ADF87C00BDF87C0060
:106C8000A4F87E006920ADF87C00BDF87C00ADF86A
:106C90007C00BDF87C00A4F88000782002F00EF99A
:106CA0002120ADF87C00BDF87C00ADF87C00BDF87B
:106CB0007C00A4F87E00ADF87CA0BDF87C00ADF8A7
:106CC0007C00BDF87C00A4F87E0001F050B8FF20E5
:106CD000ADF87C00BDF87C00ADF87C00BDF87C0010
:106CE000A4F87E00FF20ADF87C00BDF87C00ADF874
:106CF0007C00BDF87C00A4F880009820ADF87C00F2
:106D0000BDF87C00ADF87C00BDF87C00A4F88000E4
:106D10000620ADF87C00BDF87C00ADF87C00BDF825
:106D20007C00A4F88000BC20ADF87C00BDF87C009D
:106D3000ADF87C00BDF87C00A4F87E00ADF87C6066
:106D4000BDF87C00ADF87C00BDF87C00A4F88000A4
:106D50000F20ADF87C00BDF87C00ADF87C00BDF8DC
:106D60007C00A4F880006120ADF87C00BDF87C00B8
:106D7000ADF87C00BDF87C00A4F88000FF20ADF8E1
:106D80007C00BDF87C00ADF87C00BDF87C00A4F868
:106D90008000ADF87C60BDF87C00ADF87C00BDF8EB
:106DA0007C00A4F88000ADF87C60BDF87C00ADF8F4
:106DB0007C00BDF87C00A4F880000B20ADF87C00BE
:106DC000BDF87C00ADF87C00BDF87C00A4F8800024
:106DD0001020ADF87C00BDF87C00ADF87C00BDF85B
:106DE0007C00A4F880003720ADF87C00BDF87C0062
:106DF000ADF87C00BDF87C00A4F880006320ADF8FD
:106E00007C00BDF87C00ADF87C00BDF87C00A4F8E7
:106E10008000FF20ADF87C00BDF87C00ADF87C0060
:106E2000BDF87C00A4F88000FF20ADF87C00BDF820
:106E30007C00ADF87C00BDF87C00A4F88000ADF8C3
:106E40007C60BDF87C00ADF87C00BDF87C00A4F847
:106E50008000ADF87C60BDF87C00ADF87C00BDF82A
:106E60007C00A4F880000020ADF87C00BDF87C1008
:106E7000ADF87C10BDF87C10A4F88010ADF87C0053
:106E8000BDF87C10ADF87C10BDF87C10A4F8801023
:106E9000FF21ADF87C10BDF87C10ADF87C10BDF87A
:106EA0007C10A4F880105221ADF87C10BDF87C1045
:106EB000ADF87C10BDF87C10A4F88010ADF87C60B3
:106EC000BDF87C10ADF87C10BDF87C10A4F88010E3
:106ED000ADF87C00BDF87C10ADF87C10BDF87C10DE
:106EE000A4F880104021ADF87C10BDF87C20ADF8EE
:106EF0007C20BDF87C20A4F88020BD22ADF87C2049
:106F0000BDF87C20ADF87C20BDF87C20A4F87E2064
:106F1000ADF87C60BDF87C20ADF87C20BDF87C200D
:106F2000A4F880202322ADF87C20BDF87C30ADF899
:106F30007C30BDF87C30A4F880304523ADF87C303F
:106F4000BDF87CC0ADF87CC0BDF87CC0A4F880C0A2
:106F50006725ADF87C50BDF87CC0ADF87CC0BDF8AD
:106F60007CC0A4F880C0ADF87C60BDF87CC0ADF8F2
:106F70007CC0BDF87CC0A4F880C0ADF87C20BDF812
:106F80007C20ADF87C20BDF87C20A4F88020ADF8F2
:106F90007C30BDF87C20ADF87C20BDF87C20A4F8C6
:106FA0008020ADF87C50BDF87C20ADF87C20BDF889
:106FB0007C20A4F88020BE22ADF87C20BDF87C2087
:106FC000ADF87C20BDF87C20A4F87E20ADF87C00D4
:106FD000BDF87C00ADF87C00BDF87C00A4F8800012
:106FE000ADF87C60BDF87C00ADF87C00BDF87C009D
:106FF000A4F88000AB20ADF87C00BDF87C00ADF8B3
:107000007C00BDF87C00A4F880006020ADF87C0016
:10701000BDF87C00ADF87C00BDF87C00A4F88000D1
:107020002220ADF87C00BDF87C20ADF87C20BDF8B6
:107030007C20A4F88020ADF87C00BDF87C20ADF861
:107040007C20BDF87C20A4F88020ADF87C00BDF841
:107050007C20ADF87C20BDF87C20A4F88020ADF821
:107060007C00BDF87C20ADF87C20BDF87C20A4F825
:107070008020ADF87C00BDF87C00ADF87C00BDF848
:107080007C00A4F88000C720ADF87C00BDF87C002F
:10709000ADF87C00BDF87C00A4F87E003620ADF889
:1070A0007C00BDF87C00ADF87C00BDF87C00A4F845
:1070B0008000ED20ADF87C00BDF87C00ADF87C00D0
:1070C000BDF87C00A4F87E007F20ADF87C00BDF800
:1070D0007C00ADF87C00BDF87C00A4F880000F2295
:1070E000ADF87C20BDF87C00ADF87C00BDF87C00DC
:1070F000A4F88000C020ADF87C00BDF87C00ADF89D
:107100007C00BDF87C00A4F87E00ADF87C20BDF8C2
:107110007C00ADF87C00BDF87C00A4F880000B2357
:10712000ADF87C30BDF87C00ADF87C00BDF87C008B
:10713000A4F880000A20ADF87C00BDF87C00ADF812
:107140007C00BDF87C00A4F88000FC20ADF87C0039
:10715000BDF87C00ADF87C00BDF87C00A4F87E0092
:107160000820ADF87C00BDF87C00ADF87C00BDF8CF
:107170007C00A4F88000DF20ADF87C00BDF87C0026
:10718000ADF87C00BDF87C00A4F87E000020ADF8CE
:107190007C00BDF87CC0ADF87CC0BDF87CC0A4F814
:1071A00080C0ADF87C00BDF87CC0ADF87CC0BDF8F7
:1071B0007CC0A4F880C0ADF87C00BDF87CC0ADF800
:1071C0007CC0BDF87CC0A4F880C0ADF87C00BDF8E0
:1071D0007CC0ADF87CC0BDF87CC0A4F880C0ADF820
:1071E0007C00BDF87CC0ADF87CC0BDF87CC0A4F8C4
:1071F00080C0ADF87CB0BDF87CC0ADF87CC0BDF8F7
:107200007CC0A4F880C04FF0F30CADF87CC0BDF892
:107210007CC0ADF87CC0BDF87CC0A4F87EC04FF047
:10722000740CADF87CC0BDF87CC0ADF87CC0BDF876
:107230007CC0A4F880C04FF0B40CADF87CC0BDF8A1
:107240007CC0ADF87CC0BDF87CC0A4F87EC0ADF8B1
:107250007C00BDF87CC0ADF87CC0BDF87CC0A4F853
:1072600080C0ADF87C00BDF87CC0ADF87CC0BDF836
:107270007CC0A4F880C0ADF87C00BDF87CC0ADF83F
:107280007CC0BDF87CC0A4F880C04FF0F70CADF80E
:107290007CC0BDF87CC0ADF87CC0BDF87CC0A4F853
:1072A0007EC04FF0820CADF87CC0BDF87CC0ADF85C
:1072B0007CC0BDF87CC0A4F880C04FF0B10CADF824
:1072C0007CC0BDF87CC0ADF87CC0BDF87CC0A4F823
:1072D0007EC0ADF87C00BDF87CC0ADF87CC0BDF8C8
:1072E0007CC0A4F880C04FF0130CADF87CC0BDF892
:1072F0007CC0ADF87CC0BDF87CC0A4F880C04FF065
:10730000130CADF87CC0BDF87CC0ADF87CC0BDF8F6
:107310007CC0A4F880C04FF0F20CADF87CC0BDF882
:107320007CC0ADF87CC0BDF87CC0A4F87EC04FF036
:10733000800CADF87CC0BDF87CC0ADF87CC0BDF859
:107340007CC0A4F880C04FF0040CADF87CC0BDF840
:107350007CC0ADF87CC0BDF87CC0A4F880C0ADF89E
:107360007C10BDF87C10ADF87C10BDF87C10A4F842
:1073700080102821ADF87C10BDF87C10ADF87C1091
:10738000BDF87C10A4F88010C121ADF87C10BDF8C8
:107390007C10ADF87C10BDF87C10A4F87E1017218D
:1073A000ADF87C10BDF87C10ADF87C10BDF87C10F9
:1073B000A4F880108821ADF87C10BDF87CC0ADF831
:1073C0007CC0BDF87CC0A4F880C0ADF87C10BDF8CE
:1073D0007C10ADF87C10BDF87C10A4F88010ADF8DE
:1073E0007CB0BDF87C10ADF87C10BDF87C10A4F822
:1073F0008010ADF87C70BDF87C10ADF87C10BDF845
:107400007C10A4F87E10ADF87C00BDF87C10ADF8BF
:107410007C10BDF87C10A4F880100A21ADF87C1017
:10742000BDF87C10ADF87C10BDF87C10A4F880107D
:107430001221ADF87C10BDF87C10ADF87C10BDF8C1
:107440007C10A4F880104FF0100CADF87CC0BDF893
:107450007C10ADF87C10BDF87C10A4F880100E21D3
:10746000ADF87C10BDF87C50ADF87C50BDF87C5078
:10747000A4F88050ADF87CB0BDF87C50ADF87C50DD
:10748000BDF87C50A4F88050CC25ADF87C50BDF8F8
:107490007C50ADF87C50BDF87C50A4F88050072596
:1074A000ADF87C50BDF87C50ADF87C50BDF87C50F8
:1074B000A4F880500625ADF87C50BDF87C50ADF89E
:1074C0007C50BDF87C50A4F88050ADF87C30BDF8FD
:1074D0007C50ADF87C50BDF87C50A4F88050ADF8DD
:1074E0007C10BDF87C50ADF87C50BDF87C50A4F801
:1074F0008050ADF87C20BDF87C50ADF87C50BDF8D4
:107500007C50A4F880500D25ADF87C50BDF87C70FF
:10751000ADF87C70BDF87C70A4F880704FF0150B4E
:10752000ADF87CB0BDF87C70ADF87C70BDF87C70B7
:10753000A4F88070ADF87CC0BDF87CC0ADF87CC00C
:10754000BDF87CC0A4F880C0ADF87C00BDF87CC05C
:10755000ADF87CC0BDF87CC0A4F880C04FF0E10C51
:10756000ADF87CC0BDF87CC0ADF87CC0BDF87CC077
:10757000A4F87EC0ADF87C00BDF87CC0ADF87CC03E
:10758000BDF87CC0A4F880C0ADF87C30BDF87C307C
:10759000ADF87C30BDF87C30A4F880301323ADF812
:1075A0007C30BDF87C30ADF87C30BDF87C30A4F880
:1075B0008030ADF87C50BDF87C30ADF87C30BDF843
:1075C0007C30A4F88030ADF87C10BDF87C30ADF88C
:1075D0007C30BDF87C30A4F880301B23ADF87C30C3
:1075E000BDF87C30ADF87C30BDF87C30A4F880303C
:1075F0007123ADF87C30BDF87C30ADF87C30BDF83F
:107600007C30A4F880300623ADF87C30BDF87C30A7
:10761000ADF87C30BDF87C30A4F880300623ADF89E
:107620007C30BDF87C30ADF87C30BDF87C30A4F8FF
:1076300080300A23ADF87C30BDF87C30ADF87C306A
:10764000BDF87C30A4F88030ADF87C20BDF87C30EB
:10765000ADF87C30BDF87C30A4F88030ADF87C10FB
:10766000BDF87C10ADF87C10BDF87C10A4F880103B
:10767000ADF87C20BDF87C10ADF87C10BDF87C1016
:10768000A4F88010ADF87CB0BDF87C10ADF87C108B
:10769000BDF87C10A4F880100C21ADF87C10BDF86A
:1076A0007C10ADF87C10BDF87C10A4F88010ADF80B
:1076B0007C00BDF87C10ADF87C10BDF87C10A4F8FF
:1076C00080102A21ADF87C10BDF87C10ADF87C103C
:1076D000BDF87C10A4F87E10ADF87C00BDF87C10DD
:1076E000ADF87C10BDF87C10A4F88010ADF87C00DB
:1076F000BDF87C10ADF87C10BDF87C10A4F88010AB
:10770000ADF87C60BDF87C10ADF87C10BDF87C1045
:10771000A4F88010DF21ADF87C10BDF87C10ADF826
:107720007C10BDF87C10A4F880102B21ADF87C10E3
:10773000BDF87C10ADF87C10BDF87C10A4F87E106C
:10774000ADF87C00BDF87C10ADF87C10BDF87C1065
:10775000A4F88010ADF87C00BDF87C10ADF87C106A
:10776000BDF87C10A4F88010ADF87C90BDF87C10BA
:10777000ADF87C10BDF87C10A4F880101F21ADF886
:107780007C10BDF87C10ADF87C10BDF87C10A4F81E
:107790008010ADF87C80BDF87C10ADF87C10BDF891
:1077A0007C10A4F87E105521ADF87C10BDF87C103B
:1077B000ADF87C10BDF87C10A4F880103621ADF82F
:1077C0007C10BDF87C10ADF87C10BDF87C10A4F8DE
:1077D0007E10ADF87C00BDF87C00ADF87C00BDF8F3
:1077E0007C00A4F88000ADF87CE0BDF87C00ADF82A
:1077F0007C00BDF87C00A4F87E00782001F05EFBE0
:10780000ADF87CA0BDF87C00ADF87C00BDF87C0034
:10781000A4F87E00142001F051FB2C20ADF87C0070
:10782000BDF87C00ADF87C00BDF87C00A4F87E00BB
:1078300000F09DBAE220ADF87C00BDF87C00ADF808
:107840007C00BDF87C00A4F87E001D20ADF87C0013
:10785000BDF87C00ADF87C00BDF87C00A4F8800089
:107860000220ADF87C00BDF87C00ADF87C00BDF8CE
:107870007C00A4F880004FF00408ADF87C80BDF8CF
:107880007C00ADF87C00BDF87C00A4F8800064208A
:1078900001F05EFBADF87C70BDF87C00ADF87C00BB
:1078A000BDF87C00A4F87E00ADF87C60BDF87C00DB
:1078B000ADF87C00BDF87C00A4F880000A2001F03F
:1078C000FDFAADF87C70BDF87C00ADF87C00BDF829
:1078D0007C00A4F87E00ADF87C90BDF87C00ADF88B
:1078E0007C00BDF87C00A4F880000C2001F0E6FAD2
:1078F000ADF87C60BDF87C00ADF87C00BDF87C0084
:10790000A4F87E000A2001F0D9FAE620ADF87C0048
:10791000BDF87C00ADF87C00BDF87C00A4F87E00CA
:107920002F20ADF87C00BDF87C00ADF87C00BDF8E0
:107930007C00A4F88000FF25ADF87C50BDF87C00E9
:10794000ADF87C00BDF87C00A4F88000ADF87C5058
:10795000BDF87C00ADF87C00BDF87C00A4F8800088
:10796000B020ADF87C00BDF87C00ADF87C00BDF81F
:107970007C00A4F87E00ADF87CB0BDF87C00ADF8CA
:107980007C00BDF87C00A4F880000027ADF87C7076
:10799000BDF87C00ADF87C00BDF87C00A4F8800048
:1079A000ADF87C90BDF87C00ADF87C00BDF87C00A3
:1079B000A4F8800040F21F30ADF87C00BDF87C00D8
:1079C000ADF87C00BDF87C00A4F88000ADF87C60C8
:1079D000BDF87C00ADF87C00BDF87C00A4F8800008
:1079E00040F2DF10ADF87C00BDF87C00ADF87C0003
:1079F000BDF87C00A4F88000ADF87C70BDF87C0078
:107A0000ADF87C00BDF87C00A4F88000B420ADF88F
:107A10007C00BDF87C00ADF87C00BDF87C00A4F8CB
:107A20007E00ADF87C80BDF87C00ADF87C00BDF830
:107A30007C00A4F8800040F21F40ADF87C00BDF847
:107A40007C00ADF87C00BDF87C00A4F88000ADF8A7
:107A50007C70BDF87C00ADF87C00BDF87C00A4F81B
:107A600080002E20ADF87C00BDF87C00ADF87C00D5
:107A7000BDF87C00A4F88000ADF87C70BDF87C00F7
:107A8000ADF87C00BDF87C00A4F88000ADF87C70F7
:107A9000BDF87C00ADF87C00BDF87C00A4F8800047
:107AA000ADF87C70BDF87C00ADF87C00BDF87C00C2
:107AB000A4F88000ADF87C70BDF87C00ADF87C00C7
:107AC000BDF87C00A4F88000B620ADF87C00BDF8BD
:107AD0007C00ADF87C00BDF87C00A4F87E0002209C
:107AE000ADF87C00BDF87C00ADF87C00BDF87C00F2
:107AF000A4F880004FF40370ADF87C00BDF87C0062
:107B0000ADF87C00BDF87C00A4F88000ADF87C7076
:107B1000BDF87C00ADF87C00BDF87C00A4F88000C6
:107B20001720ADF87C00BDF87C00ADF87C00BDF8F6
:107B30007C00A4F880001520ADF87C00BDF87C0026
:107B4000ADF87C00BDF87C00A4F88000ADF87C7036
:107B5000BDF87C00ADF87C00BDF87C00A4F8800086
:107B6000ADF87C70BDF87C00ADF87C00BDF87C0001
:107B7000A4F88000F020ADF87C00BDF87C00ADF8E2
:107B80007C00BDF87C00A4F87E00ADF87C90BDF8C8
:107B90007C00ADF87C00BDF87C00A4F88000ADF856
:107BA0007CA0BDF87C00ADF87C00BDF87C00A4F89A
:107BB0007E00D020ADF87C00BDF87C00ADF87C00E4
:107BC000BDF87C00A4F87E00ADF87C70BDF87C00A8
:107BD000ADF87C00BDF87C00A4F88000BE21ADF8B3
:107BE0007C10BDF87C00ADF87C00BDF87C00A4F8EA
:107BF0007E000520ADF87C00BDF87C20ADF87C202F
:107C0000BDF87C20A4F88020FE22ADF87C20BDF8D1
:107C10007C20ADF87C20BDF87C20A4F88020ADF855
:107C20007C60BDF87C20ADF87C20BDF87C20A4F8F9
:107C30008020ADF87C70BDF87C20ADF87C20BDF8CC
:107C40007C20A4F88020ADF87C70BDF87C20ADF8D5
:107C50007C20BDF87C20A4F88020ADF87C70BDF8B5
:107C60007C20ADF87C20BDF87C20A4F88020B822D0
:107C7000ADF87C20BDF87C20ADF87C20BDF87C20E0
:107C8000A4F87E20ADF87C90BDF87C20ADF87C2077
:107C9000BDF87C20A4F88020ADF87C60BDF87C2085
:107CA000ADF87C20BDF87C20A4F88020BA22ADF885
:107CB0007C20BDF87C20ADF87C20BDF87C20A4F8A9
:107CC0007E20ADF87C60BDF87C20ADF87C20BDF84E
:107CD0007C20A4F88020ADF87C10BDF87C10ADF8B5
:107CE0007C10BDF87C10A4F87E10ADF87C00BDF8C7
:107CF0007C00ADF87C00BDF87C00A4F880009FED0E
:107D0000320B51EC100BF8F75BFAADF87C00BDF8C4
:107D10007C00ADF87C00BDF87C00A4F88000ADF8D4
:107D20007C60BDF87C00ADF87C00BDF87C00A4F858
:107D30008000ADF87C50BDF87C00ADF87C00BDF84B
:107D40007C00A4F88000ADF87C70BDF87C00ADF834
:107D50007C00BDF87C00A4F88000ADF87C70BDF814
:107D60007C00ADF87C00BDF87C00A4F88000002009
:107D7000F8F728FE1648C0F8BC62164F4FF6FF769B
:107D80003888798801FB00F50021084600F09EF94B
:107D90003889A4F87E00002D04BF21B0BDE8F08F23
:107DA00015F0010018BFA4F88060A84224BF21B0DC
:107DB000BDE8F08FA4F88060A4F88060801CA84221
:107DC000F8D321B0BDE8F08FFFFFFFFFFFDF6F406A
:107DD000008040427400002038B4BB4B00211A469A
:107DE00093F806C0928841F66314BCF1010F05D0E8
:107DF000BCF1000F08BFA24202D009E0A24207D0A6
:107E0000082805D2DFE800F0161812140C19100E1D
:107E1000082812D2DFE800F0110406080A0C0E1040
:107E200080210AE0402108E0C02106E0202104E092
:107E3000602102E0A02100E0E02145F21055AA42B5
:107E40000CBF4FF4585C4FF0360CA2F5134041388C
:107E50001FBFA2F5EE40B0F18900A2F5EC40B0F5ED
:107E6000CB7008BF41F008014FF0D840A0F87EC0A9
:107E7000A0F88010A2420ED011F0200F9249B1F864
:107E800002C0098802D08C4505D901E0614502D9BC
:107E9000A3F800C05980DFF830C20024AA42BCF821
:107EA0000C10BCF80AC0ADF800C0BDF80020ADF859
:107EB0000020BDF80020A0F87E20ADF80040BDF8FD
:107EC0000020ADF80020BDF80020A0F880207DD172
:107ED0000CF10102ADF80020BDF80020ADF8002043
:107EE000BDF80020A0F87E20ADF80040BDF80020CD
:107EF000ADF80020BDF80020A0F880200CF10202AF
:107F0000ADF80020BDF80020ADF80020BDF800203D
:107F1000A0F87E201A88521E150AADF80050BDF850
:107F20000050ADF80050BDF80050A0F880500CF1A2
:107F3000030CADF800C0BDF800C0ADF800C0BDF83E
:107F400000C0A0F87EC0D2B2ADF80020BDF800207D
:107F5000ADF80020BDF80020A0F88020ADF800109A
:107F6000BDF80020ADF80020BDF80020A0F87E206C
:107F7000ADF80040BDF80020ADF80020BDF80020AD
:107F8000A0F880204A1CADF80020BDF80020ADF814
:107F90000020BDF80020A0F87E20ADF80040BDF81C
:107FA0000020ADF80020BDF80020A0F880208A1C39
:107FB000ADF80020BDF80020ADF80020BDF800208D
:107FC000A0F87E205A88521E130A00E021E0ADF886
:107FD0000030BDF80030ADF80030BDF80030A0F83A
:107FE0008030C91CADF80010BDF80010ADF80010CD
:107FF000BDF80010A0F87E10D1B2ADF80010BDF8A9
:108000000010ADF80010BDF80010A0F8801038BCCA
:108010007047ADF80040BDF80020ADF80020BDF875
:108020000020A0F880201A88521E4FEA122CADF8CA
:1080300000C0BDF800C0ADF800C0BDF800C0A0F899
:1080400080C0D2B2ADF80020BDF80020ADF800200D
:10805000BDF80020A0F88020ADF80010BDF8001099
:10806000ADF80010BDF80010A0F87E10ADF800408B
:10807000BDF80010ADF80010BDF80010A0F8801099
:10808000ADF80040BDF80010ADF80010BDF80010CC
:10809000A0F880105988491E0A0AADF80020BDF8E2
:1080A0000020ADF80020BDF80020A0F88020C9B263
:1080B000ADF80010BDF80010ADF80010BDF80010CC
:1080C000A0F8801038BC7047740000202DE9F80338
:1080D000DFF894C20C0A6246BCF804809389070A50
:1080E000CDB25289A8F5C859C6B24FF0D841B9F1FE
:1080F000630942D0A8F5AA401038ADF80020BDF8B9
:108100000000ADF80000BDF80000A1F87E00ADF859
:108110000070BDF80000ADF80000BDF80000A1F847
:1081200080007CD0ADF80060BDF80000ADF8000024
:10813000BDF80000A1F88000ADF80030BDF80000E7
:10814000ADF80000BDF80000A1F87E00ADF80040D9
:10815000BDF80000ADF80000BDF80000A1F88000F7
:10816000ADF80050BDF80000ADF80000BDF800000B
:10817000A1F88000BDE8F8037047DFF8EC819CF8B7
:108180000690B8F80080B9F1000F72D0ADF8002069
:10819000BDF80000ADF80000BDF80000A1F87E00B9
:1081A000ADF80070BDF80000ADF80000BDF80000AB
:1081B000A1F88000ADF80060BDF80000ADF8000047
:1081C000BDF80000A1F88000A8F10100020AADF896
:1081D0000020BDF80020ADF80020BDF80020A1F877
:1081E0008020C0B2ADF80000BDF80000ADF800007E
:1081F000BDF80000A1F88000ADF80030BDF8000027
:10820000ADF80000BDF80000A1F87E00ADF8004018
:10821000BDF80000ADF80000BDF8000000E062E02D
:10822000A1F88000ADF80050BDF80000ADF80000E6
:10823000BDF80000A1F88000BCF80200401E020A50
:10824000ADF80020BDF80020ADF80020BDF80020FA
:10825000A1F88020C0B2ADF80000BDF80000ADF874
:108260000000BDF80000A1F88000BDE8F8037047E9
:10827000FFE7A8EB0000401E80B2ADF80020BDF87B
:108280000020ADF80020BDF80020A1F87E200022DB
:10829000ADF80020BDF80060ADF80060BDF80060EA
:1082A000A1F88060ADF80020BDF80020ADF80020F6
:1082B000BDF80020A1F88020020AADF80020BDF82A
:1082C0000020ADF80020BDF80020A1F88020C0B249
:1082D000ADF80000BDF80000ADF80000BDF80000EA
:1082E000A1F8800088E7501CADF80000BDF8000040
:1082F000ADF80000BDF80000A1F87E00ADF8006008
:10830000BDF80000ADF80000BDF80000A1F8800045
:10831000ADF80030BDF80000ADF80000BDF8000079
:10832000A1F87E00ADF80040BDF80000ADF80000F7
:10833000BDF80000A1F88000581CADF80000BDF8A1
:108340000000ADF80000BDF80000A1F87E00ADF817
:108350000050BDF80000ADF80000BDF80000A1F825
:108360008000BDE8F8037047740000202DE9FF4F3E
:1083700088B01E46DDF854B00C46884613F007005E
:1083800018BF012000EBD600710810FB01F0C1B24C
:108390000191002100910199A2F12000C0B20029B1
:1083A0009CBF0CB0BDE8F08F00EB4001334ADFF812
:1083B000D0A002EB8101049102F2744101EB0011A3
:1083C000039100EBC00002F6642101EB8000DFF8AE
:1083D000B49002900C2E15D0102E17D0182E1CBF62
:1083E0000CB0BDE8F08F00990298455C5FF0000783
:1083F00015F0800F0ED0BAF8002021460898F8F743
:1084000055FB10E000990498455CEFE7009903984C
:10841000455CEBE7BBF1000F05D1BAF8022021461D
:108420000898F8F743FB6806050E601C84B2B9F89B
:108430000200A0429CBF0CB0BDE8F08FA4EB080086
:10844000B0420CD108984446401C80B20890B9F85C
:10845000001081429CBF0CB0BDE8F08F03E0781C97
:10846000C7B2082FC4D30098401CC0B20146009088
:1084700001988842AED80CB0BDE8F08F7C9300081C
:108480000C000020740000202DE9FF4F4FF0000683
:1084900081B01D0091468046344604BF05B0BDE85A
:1084A000F08FA5F1010A0E984FF0000B4708281B2A
:1084B000401E0A22C0B20121031EA0F101000ADD04
:1084C00010F0010F08BF0A21401C401003D0514397
:1084D0005143401EFBD1B9FBF1F01649A1FB00212D
:1084E000C908494201EB810100EB41002EB9544516
:1084F00003DA002818BF012611D03030C2B207FBC2
:10850000048080B2CDF800B00E9B0299FFF72EFFD9
:10851000601CC4B2AC42CAD305B0BDE8F08F07FB03
:10852000048080B2CDF800B020220E9B0299FFF7A4
:108530001DFFEDE7CDCCCCCC2DE9F84F044600F083
:10854000FF08DDE90A7510190E461FFA80FA98191E
:108550001FFA80F9287820385E2894BF4FF0000B6E
:10856000BDE8F88FA24502D8F019444686B2B1455D
:1085700098BFBDE8F88FCDF800B02A783B46314669
:108580002046FFF7F3FE04EB570084B215F8010F05
:1085900020385E28E6D9BDE8F88FFEE77047000076
:1085A00010B4C27801780F244FF0010C0AB3174AB7
:1085B000126801F1E02102F4E062C2F5E062C2F368
:1085C0000722C2F10403D44042789A4083782340C2
:1085D0001A43120181F80024007800F01F010CFA00
:1085E00001F14009800000F1E020C0F8001110BC4A
:1085F000704701F01F000CFA00F04909890001F1F1
:10860000E021C1F8800110BC704700000CED00E0D3
:10861000034940F0FD7040F0806008607047000042
:108620000CED00E070470000044A0029116814BFF7
:10863000084321EA00001060704700003038024013
:10864000044A0029116814BF084321EA00001060A1
:108650007047000038380240044A0029116814BFEE
:10866000084321EA000010607047000040380240D3
:10867000044A0029116814BF084321EA0000106071
:108680007047000044380240044A0029116814BFB2
:10869000084321EA000010607047000024380240BF
:1086A000254A30B41168254B11F00C0106D05C103E
:1086B000042908BF046002D008291ED00360116895
:1086C0000F2303EA11111E4B595CD0F800C02CFA9D
:1086D00001F14160D2F800C0072404EA9C2C13F891
:1086E0000CC021FA0CFCC0F808C0126804EA52322F
:1086F0009A5CD140C16030BC70471249D1F800C0CB
:10870000CCF38055D1F800C0002D0CF03F0C14BF05
:10871000B4FBFCF3B3FBFCF3D1F800C00968CCF365
:10872000881C03FB0CF3C1F30141491C4900B3FB56
:10873000F1F10160C3E70000083802400024F400B2
:1087400024000020043802407047000070B5002566
:108750002C4601210420F8F797F80544052000F085
:10876000ADFB601CC4B20A2CF3D30D48A0FB05106E
:10877000C0F3CF00B0F57A6F88BF4FF47A6004D8A9
:10878000B0F5FA7F38BF4FF4FA70C0F57A60642113
:10879000484340F6AC51B0FBF1F080B270BD000030
:1087A000CDCCCCCC00B5012183B00846FFF73CFF0F
:1087B0001020009003208DF8040000208DF80700A1
:1087C00069460248F7F7EAFF03B000BD0000024027
:1087D0004FF0E021042808690CBF40F0040020F0AD
:1087E0000400086170477047374882B0016841F45F
:1087F000700101603548016841F0010101603449B0
:1088000000230B60026822F4102222F080720260C2
:1088100000F1040C2F4ACCF80020026822F48022D8
:1088200002600A1D136001930093026842F48032D3
:108830000260026802F400320092019A521C019216
:10884000009A1AB9019AB2F5A04FF2D1026812F457
:10885000003F08BF009331D0012200921E4A1368E6
:1088600043F0805313601D4A136843F44043136080
:108870000A680A600A6842F400420A600A6842F420
:10888000A0520A60164ACCF80020026842F08072BA
:108890000260026812F0007FFBD0124A40F20570BD
:1088A0001060086820F003000860086840F00200CB
:1088B0000860086800F00C000828FAD10A494FF057
:1088C0000060086002B0704788ED00E000380240A8
:1088D0000838024010300024403802400070004048
:1088E00008544007003C024008ED00E070B5264CFB
:1088F00040F22551204600F0A6F8002808BF70BDC0
:10890000204600F03BF9214900F0FF0C00220D78D1
:108910000120CB1C25B1012D0ED0022D1ED016E05A
:10892000BCF12C0F18BF4A7011D14A7803F802C06D
:10893000521C4A7008700AE0487803F800C0401CD6
:10894000C0B24870062824BF4A700220F2D22046E6
:10895000BDE8704040F2255100F05EB893F800C0C9
:108960005D78DE78AC449D783544AC441D795B7904
:10897000AC440CF0FF0C9C4508BF0A704A7014BF51
:108980000A708870E3E7000000100140100000202A
:1089900070B51E4C40F22551204600F054F80028D6
:1089A00008BF70BD204600F0E9F81949C3B20020A5
:1089B00091F805C00125174ABCF1000F03D0BCF1A6
:1089C000010F0AD01AE0AA2B18D1C870C878024447
:1089D000401CC87013704D7110E091F803C002EB99
:1089E0000C060CF1010C81F803C03370CB78042B1A
:1089F00004D3D278BB2A08BF0D7148712046BDE868
:108A0000704040F2255100F007B8000000480040D7
:108A10000000002034000020090A012202FA01F1BE
:108A2000C943018070470029818914BF41F4005176
:108A300021F40051818170470246002012880A42C9
:108A400018BF0120704710B401F01F020124002359
:108A5000C1F3421C04FA02F2BCF1010F04BFB0F8EA
:108A60000CC00CEA020208D0BCF1020F0CBFB0F837
:108A700010C0B0F814C00CEA0202090A008804FA17
:108A800001F10840002A1CBF00280123184610BC31
:108A90007047C1F3421301F01F014FF0010C0CFAB3
:108AA00001F1012B08BF0C3003D0022B0CBF10309A
:108AB0001430002A026814BF114322EA0101016048
:108AC0007047000030B50446008A85B00D46C9885D
:108AD00020F4405008432082A089A9882A8920F4E4
:108AE000037011436A8920F4A05010430843A08109
:108AF000A08AA98920F440700843A0826846FFF745
:108B0000CFFDA4F18040B0F588301BBFA4F18040B8
:108B1000B0F58A3003980298A18911F4004F00EB58
:108B2000C00101EB0010296814BF49008900B0FBA7
:108B3000F1F0114A6FF0180CA2FB0031490909014C
:108B40000B0903FB0CF300EB8300A38913F4004F24
:108B50004FF0320314BF03EBC00003EB0010A2FB85
:108B600000204FEA501014BF00F0070000F00F0083
:108B70000843208105B030BD1F85EB518088C0F3CC
:108B800008007047C1F3080181807047FEE70000CC
:108B90000FB4054B10B503A9044A029800F018F869
:108BA00010BC5DF814FB0000898F00082000002035
:108BB00002E008C8121F08C1002AFAD170477047A6
:108BC000002001E001C1121F002AFBD17047000004
:108BD0002DE9FF4F8DB09B460F460446002606E068
:108BE00025280BD05A460F999047641C761C207894
:108BF0000028F5D111B03046BDE8F08F0025A84619
:108C00000122984900E0054314F8013F203B02FA95
:108C100003F00842F7D120782E2817D114F8010F5D
:108C200045F004052A280ED06FF02F022078A0F11D
:108C3000300109290AD808EB880102EB410100EB59
:108C40000108641CF2E757F8048B641C20786C2838
:108C50000DD004DC4C2812D06A2811D104E074280D
:108C60000DD07A280CD10AE045F4001507E06178B0
:108C700045F48015814202D1641C05F58015641C01
:108C80002278692A45D008DC002AB3D0582A69D056
:108C9000632A10D0642A08D13BE0702A67D0732A77
:108CA00013D0752A5CD0782A5CD010465A460F99AA
:108CB0009047761CD3E017F8040B8DF800000020D5
:108CC0008DF80100E946012003E057F8049B4FF0BE
:108CD000FF3069074FF0000501D40AE06D1C4545DF
:108CE0000DDA8542FADB19F805100029F6D106E005
:108CF0006D1C8542FCDB19F805100029F8D12E44C3
:108D000004E019F8010B5A460F9990476D1EF8D2EE
:108D1000A5E00A200021CDE90801C5F30250022890
:108D20000DD001CFC117031E71F100030DDA4FF012
:108D3000000CD0EB0C006CEB01012D2308E0FF1DB3
:108D400027F00707F7E80201EDE72B0504D52B23F1
:108D50008DF8283001233BE0EB0739D02023F7E7DB
:108D60000A2000E010200021CDE9080107E01020D2
:108D7000002145F00405CDE908014FF00808C5F3CE
:108D8000025002280FD001CF00214FF0000A2B071C
:108D90001FD5702A0DD0DDE908C38CF0100C5CEAF9
:108DA000030C0CD015E0FF1D27F00707F7E80201C0
:108DB000EBE740228DF828204FF0010A0BE050EA43
:108DC000010306D030238DF828308DF829200223A6
:108DD0009A46582A04D024A20DF120090B9209E0EA
:108DE00026A2F9E7DDE90823F7F703FA0B9B9B5C62
:108DF00009F8013D50EA0102F4D1ADEB0900203041
:108E00000890680701D44FF001080899884502DDF1
:108E1000A8EB010000E000208046002506E00AA83B
:108E20005A46405D0F9990476D1C761C5545F6DB00
:108E300004E030205A460F999047761CB8F10001A3
:108E4000A8F10108F5DC05E019F8010B5A460F9965
:108E50009047761C0899481E08900029F4DC641C91
:108E6000C5E6000009280100303132333435363789
:108E70003839616263646566000000003031323366
:108E80003435363738394142434445460000000006
:108E900010B504466FF00400FFF79AFC0648E1089D
:108EA00001EB41020170C2EBC1114FF6FF7202EA01
:108EB000C101418010BD00001A0000204FF407716D
:108EC000B0FBF1F212F0FF0CB0FBF1F270B401FB59
:108ED00012041E4E4FF000034FF0E0201BD07188AB
:108EE0004FF4077201FB02F545618361016941F0AE
:108EF00001010161016911F0010F02D011F4803FFD
:108F0000F8D0016921F0010101618361ACF1010137
:108F100011F0FF0CE8D1002C04BF70BC70477188C1
:108F2000614341618361016941F0010101610169AE
:108F300011F0010F02D011F4803FF8D0016921F047
:108F400001010161836170BC704700001A000020BC
:108F50000C49097841434FF0E020416100238361CF
:108F6000016941F001010161016911F0010F02D0B5
:108F700011F4803FF8D0016921F0010101618361A2
:108F8000704700001A00002004490A8812F0400FC0
:108F9000FBD0034AC1B291807047000000440040FA
:108FA0000010014088B0A820FFF772FF4FF4A060C6
:108FB000FFF72EFBF7F722FA4FF41650F7F796FC5F
:108FC00001214FF4E1380846FFF72EFB0121480448
:108FD000FFF742FB02268DF804608DF8056000243F
:108FE000DFF818930C258DF80640012700958DF8C1
:108FF000077069464846F7F7D1FB07220221484629
:10900000F7F719FC072203214846F7F714FCADF8DF
:109010001040ADF81250BA4DADF80C40CDF80880B4
:10902000ADF80E40ADF8144002A92846FFF74AFDFE
:1090300001212846FFF7F7FC4FF4165801210220C2
:10904000FFF7F2FA01218804FFF706FB8DF80460B0
:1090500028158DF80560DFF8AC9200908DF8064079
:109060008DF8077069464846F7F798FB07220A21F2
:109070004846F7F7E0FB8DF80460E8148DF80560CA
:1090800000908DF806408DF8077069464846F7F75E
:1090900085FB07220B214846F7F7CDFBADF80C40C6
:1090A000ADF80E40ADF81040ADF814400420964CD9
:1090B000ADF81200CDF8088002A92046FFF702FDA6
:1090C0004FF4A060FFF7A4FA27208DF818008DF860
:1090D00019708DF81A708DF81B7006A8FFF760FAEA
:1090E000012240F225512046FFF7D3FC0121204602
:1090F000FFF799FCFFF756FBF7F7FAFD052406E0AA
:1091000082A0FFF745FD4FF47A70FFF7D7FEF7F71F
:10911000D3F910B1611ECCB2F2D2002C04BF82A0F0
:10912000FFF736FDDFF81092DFF8108240F6FF7A85
:1091300018276E464FF0000B5C460520F7F78CFBB6
:1091400083440320FFF7BAFE601CC4B20A2CF4D398
:10915000A9FB0B10C0F3CF00A8F80A006421484314
:10916000B0FBFAF088F80600FFF7F0FA88F8020082
:109170007348F7F78FF97349481EF7F703FA72A09F
:10918000CDE900701423482278211E20FFF7D4F97E
:1091900000970323B8F808207821C820FFF774F956
:1091A0006BA0CDE90070142332227821F020FFF764
:1091B000C3F968A0CDE9007014238022A0211E20ED
:1091C000FFF7BAF90097032398F80020A021C820E0
:1091D000FFF75AF961A0CDE9007014231E22A021E7
:1091E000F020FFF7A9F95EA0CDE9007014238022DA
:1091F000C8211E20FFF7A0F90097C821032398F883
:1092000001200846FFF740F957A0CDE9007014236C
:109210001E22C821F020FFF78FF954A0CDE900707D
:1092200014238022F0211E20FFF786F900970323E4
:1092300098F80620F021C820FFF726F94AA0CDE9CA
:109240000070F02114231E220846FFF775F949A08B
:10925000CDE90070142380224FF48C711E20FFF79B
:109260006BF90097032398F802204FF48C71C82003
:10927000FFF70AF93CA0CDE9007014231E224FF439
:109280008C71F020FFF758F9AF208DF80000062010
:109290008DF80100B8F80800010A8DF802108DF869
:1092A000030098F800008DF8040098F801008DF88C
:1092B000050098F806008DF8060098F802008DF871
:1092C0000700FE208DF80800002480212846FFF7C3
:1092D000B3FB0028F9D0315D2846FFF753FC40214D
:1092E0002846FFF7A9FB0028F9D0601CC4B2092C5E
:1092F000EBD34FF4FA70FFF7E1FD1BE700000240EB
:1093000000440040000402400048004044485431FA
:109310003120696E6974206661696C2C20726574F5
:1093200072792E2E2E0D0A00444854313120657278
:10933000726F72210D0A0000CDCCCCCC0000002051
:109340000800002001000020434F323A00000000D6
:1093500070706D0054656D703A00000043000000AD
:1093600048756D693A000000250000004C69676887
:10937000743A0000536F696C3A000000000000006E
:109380000000000000000000000000003F4000005E
:1093900000000000000030004000300040000000ED
:1093A00009000BC03D000BC03D00090018C024405F
:1093B0007FE0224031800000180024C01B000D8097
:1093C0003240018003801C4027401C800740004041
:1093D000100060000000000000000000000000001D
:1093E00000001F80204040200000402020401F80BF
:1093F00000000000090006001F80060009000000B0
:10940000040004003F80040004000000001000601D
:10941000000000000000000004000400040004003C
:1094200004000000000000400000000000000000F8
:10943000002001C006003800400000001F802040CE
:10944000204020401F800000000010403FC000402E
:109450000000000018C021402240244018400000B5
:1094600010802040244024401B80000002000D009A
:1094700011003FC0014000003C80244024402440B3
:10948000238000001F8024402440344003800000DB
:109490003000200027C03800200000001B8024403E
:1094A000244024401B8000001C0022C02240224097
:1094B0001F800000000000000840000000000000C5
:1094C0000000000004600000000000000000040034
:1094D0000A0011002080404009000900090009002D
:1094E0000900000000004040208011000A00040034
:1094F0001800200023402400180000001F80204096
:10950000274029401F400000004007C039000F00DD
:1095100001C0004020403FC0244024401B80000088
:109520001F802040204020403080000020403FC06D
:10953000204020401F80000020403FC024402E409B
:1095400030C0000020403FC024402E00300000000A
:109550000F001080204022403380020020403FC096
:10956000040004003FC02040204020403FC0204075
:10957000204000000060202020203FC0200020006C
:1095800020403FC024400B0030C0204020403FC05E
:1095900020400040004000C03FC03C0003C03C00F1
:1095A0003FC0000020403FC00C4023003FC02000CF
:1095B0001F802040204020401F80000020403FC0EE
:1095C00024402400180000001F802140214020E09A
:1095D0001FA0000020403FC02440260019C00040CA
:1095E00018C0244024402240318000003000204038
:1095F0003FC020403000000020003F80004000407D
:109600003F80200020003E0001C0070038002000FD
:10961000380007C03C0007C038000000204039C0B7
:10962000060039C0204000002000384007C0384004
:1096300020000000304021C02640384020C00000FB
:10964000000000007FE0402040200000000070008B
:109650000C000380004000000000402040207FE01C
:10966000000000000000200040002000000000007A
:10967000001000100010001000100010000000008A
:10968000400000000000000000000280054005408E
:1096900003C0004020003FC004400440038000009D
:1096A00000000380044004400640000000000380E6
:1096B000044024403FC000400000038005400540B6
:1096C00003400000000004401FC02440244020004C
:1096D000000002E0055005500650042020403FC025
:1096E0000440040003C000400000044027C00040C4
:1096F0000000000000100010041027E0000000002F
:1097000020403FC00140070004C0044020402040EA
:109710003FC000400040000007C0040007C0040034
:1097200003C00000044007C00440040003C0004020
:10973000000003800440044003800000041007F090
:1097400004500440038000000000038004400450E3
:1097500007F00010044007C00240040004000000AD
:10976000000006400540054004C000000000040061
:109770001F800440004000000400078000400440B7
:1097800007C000400400070004C001800600040078
:10979000060001C0070001C006000000044006C02A
:1097A000010006C0044000000410071004E001801E
:1097B000060004000000044005C00640044000000C
:1097C0000000000004007BE04020000000000000DA
:1097D0000000FFF000000000000040207BE00400DB
:1097E00000000000400080004000200020004000F9
:1097F0000000000000000000000000000000000069
:109800000000000000001FCC000C00000000000061
:109810000000080030006000080030006000000018
:10982000022003FC1E20022003FC1E200220000058
:1098300000000E1811043FFF10840C780000000097
:109840000F0010840F3800C00778188400780000DB
:1098500000780F8410C411240E9800E400840008DE
:109860000800680070000000000000000000000018
:1098700000000000000007E018182004400200006B
:10988000000040022004181807E00000000000005B
:109890000240024001800FF00180024002400000BF
:1098A0000080008000800FF80080008000800000B1
:1098B0000001000D000E000000000000000000008C
:1098C0000000008000800080008000800080008018
:1098D0000000000C000C0000000000000000000070
:1098E000000000060018006001800600180020003B
:1098F000000007F0080810041004080807F0000032
:109900000000080408041FFC00040004000000001C
:1099100000000E0C10141024104411840E0C0000D2
:1099200000000C1810041104110412880C700000BF
:10993000000000E00320042408241FFC0024000091
:1099400000001F981084110411041088107000008A
:10995000000007F008881104110418880070000046
:1099600000001C00100010FC13001C001000000080
:1099700000000E3811441084108411440E38000089
:1099800000000700088C10441044088807F000000D
:10999000000000000000030C030C000000000000A9
:1099A00000000000000101060000000000000000AF
:1099B000000000800140022004100808100400008C
:1099C00002200220022002200220022002200000A9
:1099D000000010040808041002200140008000006C
:1099E00000000E001200100C106C10800F00000020
:1099F00003E00C1813E4142417C4082807D000004F
:109A00000004003C03C41C40074000E4001C0004A8
:109A100010041FFC1104110411040E8800700000D2
:109A200003E00C1810041004100410081C100000AF
:109A300010041FFC100410041004080807F00000B4
:109A400010041FFC1104110417C4100408180000AE
:109A500010041FFC1104110017C0100008000000C2
:109A600003E00C181004100410441C78004000009F
:109A700010041FFC10840080008010841FFC100460
:109A80000000100410041FFC10041004000000006B
:109A900000030001100110011FFE10001000000063
:109AA00010041FFC110403801464181C100400002F
:109AB00010041FFC1004000400040004000C00004B
:109AC00010041FFC1F0000FC1F001FFC10040000FE
:109AD00010041FFC0C04030000E010181FFC100011
:109AE00007F00808100410041004080807F000002C
:109AF00010041FFC10841080108010800F000000E4
:109B000007F0081810241024101C080A07F200009F
:109B100010041FFC1104110011C011300E0C0004C0
:109B200000000E1C11041084108410441C38000026
:109B30001800100010041FFC100410001800000092
:109B400010001FF810040004000410041FF8100097
:109B500010001E0011E0001C007013801C0010009B
:109B60001FC0103C00E01F0000E0103C1FC00000C0
:109B70001004180C163401C001C01634180C10045F
:109B800010001C00130400FC13041C001000000053
:109B90000804101C1064108413041C041018000026
:109BA0000000000000007FFE400240024002000072
:109BB000000030000C0003800060001C0003000067
:109BC00000004002400240027FFE00000000000052
:109BD0000000000020004000400040002000000085
:109BE000000100010001000100010001000100016D
:109BF00000004000400020000000000000000000C5
:109C000000000098012401440144014400FC0004C8
:109C100010001FFC0088010401040088007000008F
:109C200000000070008801040104010400880000A5
:109C30000000007000880104010411081FFC0004EA
:109C4000000000F8014401440144014400C8000040
:109C50000000010401040FFC11041104110018009C
:109C6000000000D601290129012901C901060000CF
:109C700010041FFC008401000100010400FC00042A
:109C800000000104190419FC000400040000000095
:109C90000000000300010101190119FE000000008D
:109CA00010041FFC0024004001B4010C010400005A
:109CB0000000100410041FFC000400040000000059
:109CC000010401FC0104010001FC0104010000FC8D
:109CD000010401FC008401000100010400FC0004F7
:109CE000000000F8010401040104010400F8000070
:109CF000010101FF008501040104008800700000DB
:109D000000000070008801040104010501FF00014A
:109D10000104010401FC0084010401000180000031
:109D2000000000CC0124012401240124019800003A
:109D300000000100010007F8010401040000000018
:109D4000010001F8000400040004010801FC000403
:109D5000010001800170000C001001600180010011
:109D600001F0010C003001C00030010C01F00100D5
:109D700000000104018C00740170018C01040000DA
:109D8000010101810171000E0018016001800100D4
:109D900000000184010C013401440184010C000025
:109DA000000000000000000001003EFC40024002F4
:109DB0000000000000000000FFFF000000000000A5
:109DC0000000400240023EFC0100000000000000D4
:109DD0000000600080008000400040002000200063
:109DE0000000000000000000000000000000000073
:109DF0000000000000000000000000000000000063
:109E00000000000000000000000000000000000052
:109E10000000000F80380FFE380F8038000000006F
:109E20000000000000000000000000000000010031
:109E3000000600000C0000380000310000060000A1
:109E40000C0000380000300000000000000000009E
:109E500061800067F807F98000618000618000611F
:109E6000800061800067F807F980006180000000D1
:109E700000000000000001C0E003E0F0063008042C
:109E800018081FFFFE040E080787F00381E000009A
:109E90000000000001F000060C00040408060C702D
:109EA00001F9C0000E00003BE000EC1807080804B0
:109EB0000C180003E00000000001E00007F003F8C8
:109EC00018041C0804170807E1D003C0E00023B001
:109ED000003C080020080000100000000000000105
:109EE00000003100003200001C00000000000000F3
:109EF0000000000000000000000000000000000062
:109F00000000000000000000000000000000000051
:109F10007F0001FFC00780F00C0018100004200033
:109F2000020000000000002000021000040C0018D5
:109F30000780F001FFC0007F00000000000000006B
:109F40000000000000000000000000004200006669
:109F500000006600003C0000180003FFC00018006D
:109F6000003C0000660000660000420000000000A7
:109F7000080000080000080000080000080001FFB9
:109F8000C0000800000800000800000800000800E9
:109F900000000000000100003100003200001C0041
:109FA00000000000000000000000000000000000B1
:109FB0000000000000000000080000080000080089
:109FC0000008000008000008000008000008000069
:109FD0000800000800000000000000000000000071
:109FE00038000038000038000000000000000000C9
:109FF0000000000000000000000000000000000061
:10A00000000600001C000070000180000E000038F7
:10A010000000C0000700001C00003000000000002D
:10A02000000000007F8001FFE0038070060018043C
:10A03000000804000806001803807001FFE0007F9C
:10A04000800000000000000000000100080100087E
:10A0500001000803FFF807FFF800000800000800EF
:10A06000000800000000000000000001C03802C02D
:10A0700058040098040118040218040418061C1857
:10A0800003F81801E0F800000000000000000001E3
:10A09000C0E003C0F004000804080804080806181B
:10A0A0000803F41801E7F00001E0000000000000E0
:10A0B000000000000300000D00001100006100001E
:10A0C000810803010807FFF80FFFF80001080001ED
:10A0D000080000000000000000E007FCD0060808AF
:10A0E000061008061008061008061838060FF006B5
:10A0F00007C0000000000000000000003F8001FFDA
:10A10000E003843002081804100804100804100842
:10A11000071810030FF00007C00000000000000047
:10A12000000003C0000700000600000600F8060754
:10A13000F806180006E00007000006000000000016
:10A1400000000001E1E003F7F006341004180804F1
:10A150001808040C08040C0806161803F3F001C1D3
:10A16000E000000000000000F80003FC30030638A7
:10A170000402080402080402080404100308F001A1
:10A18000FFC0007F00000000000000000000000091
:10A1900000000000000000007038007038007038C7
:10A1A00000000000000000000000000000000000AF
:10A1B000000000000000000000000000301A003025
:10A1C0001C00000000000000000000000000000073
:10A1D0000000000000000008000014000022000041
:10A1E00041000080800100400200200400100800AF
:10A1F00008000000000000002100002100002100F4
:10A2000000210000210000210000210000210000A9
:10A2100021000021000000000000000000000800F4
:10A22000080400100200200100400080800041006E
:10A2300000220000140000080000000000000003DD
:10A24000C00004C000040000080038080F380808E7
:10A25000380810000C300007E00003C000000000C8
:10A26000000000003F8000FFE0038070020F100636
:10A27000708804C088048308047F8802C0900301AA
:10A280002000FE400000080000180001F8003E0811
:10A2900001C20007020007E20000FE00001FC80024
:10A2A00001F800003800000804000807FFF807FF65
:10A2B000F804080804080804080804080806180830
:10A2C00003F41801E7F00001E000000000000000C6
:10A2D0003F8001FFE00380700200180400080400C2
:10A2E000080400080400100600200780C0000000D9
:10A2F00004000807FFF807FFF8040008040008043A
:10A30000000804001802001003807001FFE0007FC5
:10A310008000000004000807FFF807FFF8040808A1
:10A32000040808040808040808043E080400080695
:10A33000001801006000000004000807FFF807FF94
:10A34000F8040808040800040800040800043E009B
:10A350000600000600000180000000000000000070
:10A360003F8001FFE003807006001804000804022B
:10A37000080402080203F00783F000020000020054
:10A3800004000807FFF807FFF804080800080000A9
:10A39000080000080000080004080807FFF807FF8D
:10A3A000F804000800000000000004000804000891
:10A3B00004000807FFF807FFF80400080400080479
:10A3C000000800000000000000000000000600007F
:10A3D0000700000104000104000104000307FFFE60
:10A3E00007FFFC040000040000040000040008074C
:10A3F000FFF807FFF8040C08001800003E0004C72F
:10A40000800503C80600F80400380400180000089E
:10A4100004000807FFF807FFF80400080000080020
:10A4200000080000080000080000080000180000F4
:10A430006000000004000807FFF807800807FC0020
:10A44000007FC00003F80007C000780007800807FD
:10A45000FFF807FFF804000804000807FFF80700EA
:10A460000803C00000E000003800001E00000700E4
:10A470000001C00400F007FFF80400000000000025
:10A480007F8001FFE00380700600180400080400CC
:10A490000806001803003001FFE0007F8000000084
:10A4A00004000807FFF807FFF80404080404000488
:10A4B0000400040400040400060C0003F80001F08A
:10A4C00000000000000000007F8001FFE0038070BA
:10A4D0000600880400880400C806003C03003E0112
:10A4E000FFE6007F8400000004000807FFF807FF74
:10A4F000F8040808040800040C00040F00040BC052
:10A500000610F003F03801E0080000080000000128
:10A51000E0F803F030063010041808041808040CA2
:10A5200008040C080206180207F00781E00000008A
:10A530000180000600000400000400000400080779
:10A54000FFF807FFF80400080400000400000600FC
:10A550000001800004000007FFE007FFF00400187E
:10A5600000000800000800000800000800000804BF
:10A57000001007FFE004000004000006000007E0F0
:10A580000007FE00041FE00001F80000380001E0B1
:10A59000043E0007C000060000040000040000079D
:10A5A000E00007FFC0041FF80007C007F80007FF1E
:10A5B00080043FF80007C004F80007000004000012
:10A5C00000000004000806001807C07805F1C80064
:10A5D0003E00001F800463E80780F80600180400AE
:10A5E0000800000004000006000007800007E008E3
:10A5F000047C08001FF80007F800180804E00807AA
:10A600000000060000040000000000010008060031
:10A61000380400F80403E8040F08047C0805F00877
:10A6200007C00807001804006000000000000000D8
:10A6300000000000000000000000003FFFFE2000BE
:10A640000220000220000220000220000200000080
:10A6500000000000000008000007000000C000002B
:10A6600038000006000001C000003000000E0000AD
:10A670000100000000000000000020000220000295
:10A680002000022000022000023FFFFE0000000028
:10A6900000000000000000000000000000000000BA
:10A6A0000008000010000030000020000030000012
:10A6B0001000000800000000000000000000010081
:10A6C0000001000001000001000001000001000085
:10A6D0000100000100000100000100000100000174
:10A6E000000000000000000000200000200000101A
:10A6F000000010000000000000000000000000004A
:10A70000000000000000000000F00019F8001B1815
:10A71000002208002608002408002410003FF8004A
:10A720001FF800000800001800000004000007FFE8
:10A73000F80FFFF00018180010080020080020088B
:10A74000003018001FF0000FC000000000000000E3
:10A7500007C0001FF000183000200800200800206B
:10A7600008003C08001C1000006000000000000011
:10A770000000000007C0001FF0003818002008008B
:10A78000200800200804101007FFF80FFFF0000059
:10A79000100000000000000000000007C0001FF0D3
:10A7A000001230002218002208002208003208009F
:10A7B0001E10000E200000000000000020000020FD
:10A7C0000800200801FFF803FFF80620080420080D
:10A7D0000420080720000300000000000000000023
:10A7E000000E000E6E001FF30031B10020B10020FA
:10A7F000B1003191001F13002E1E00200E0030000A
:10A8000000000004000807FFF80FFFF80010080020
:10A810002000002000002008003FF8001FF8000082
:10A8200008000000000000000000002008002008D0
:10A83000002008063FF8063FF80000080000080066
:10A840000008000000000000000000000000000000
:10A8500003000003002001002001002003063FFE4A
:10A86000063FFC00000000000000000000000004A3
:10A87000000807FFF80FFFF8000188000300002F11
:10A88000C00038F800203800200800000800000050
:10A89000000000000000040008040008040008078D
:10A8A000FFF80FFFF8000008000008000008000093
:10A8B00000000000002008003FF8003FF8001008EA
:10A8C000002000003FF8003FF800100800200000C2
:10A8D0003FF8003FF8000008000000002008003F9B
:10A8E000F8003FF8001008001000002000002008C9
:10A8F000003FF8001FF80000080000000000000002
:10A9000007C0000FF00018300030080020080020B9
:10A9100008003008001830000FF00007C0000000E9
:10A92000000000002001003FFF003FFF0010110069
:10A930002009002008002008003038001FF0000F18
:10A94000C00000000000000007C0001FF000381821
:10A95000002008002008002009001011001FFF003F
:10A960003FFF000001000000002008002008002038
:10A9700008003FF8003FF800080800100800200811
:10A980000020000030000030000000000000000047
:10A990000000000C78001E18003308002308002176
:10A9A000080021880021980030F000386000000085
:10A9B00000000000200000200000200000FFF00345
:10A9C000FFF80020080020080020080000300000E8
:10A9D00000000000000000002000003FF0007FF8B1
:10A9E000000018000008000008002010003FF800D8
:10A9F0007FF0000010000000000000002000003088
:10AA000000003C00003F800023F000007800007050
:10AA1000002380003C0000300000200000200000E7
:10AA20003C00003FE00023F80000E0002700003E6B
:10AA300000003FE00021F80001E0003E000020009F
:10AA4000000000002008002008003838003E6800A0
:10AA500027800003C8002CF8003838002018002098
:10AA600008000000000000002000003003003C014E
:10AA7000003F830023EC000070002380003C0000B6
:10AA8000200000200000000000000000000000384E
:10AA9000080020380020F80023E8002F88003E0836
:10AAA00000380800201800007000000000000000BE
:10AAB000000000000000000000000000080000147A
:10AAC000001FF7FC3000062000020000000000001C
:10AAD0000000000000000000000000000000000076
:10AAE0000000FFFFFF000000000000000000000069
:10AAF00000000000000000000000200002300006FE
:10AB00001FF7FC0014000008000000000000000017
:10AB100000000000000000000000001800006000BD
:10AB2000004000004000002000001000000800006D
:10AB30000400000400000C00001000005CAB0008E2
:10AB40000000002034000000B08B000890AB00082B
:10AB50003400002054040000C08B000800000000F6
:10AB600000000000000000000000FFFF00000000E7
:10AB700000000000000000000000000000000000D5
:10AB80000000000001020304010203040607080993
:040000050800018965
:00000001FF
