:020000040800F2
:10000000100500209D010008EB8600087D0800080F
:10001000E986000811040008318D00080000000086
:1000200000000000000000000000000095880008AB
:1000300031060008000000007187000833890008BD
:10004000B7010008B7010008B7010008B7010008B0
:10005000B7010008B7010008B7010008B7010008A0
:10006000B7010008B7010008B7010008B701000890
:10007000B7010008B7010008B7010008B701000880
:10008000B7010008B7010008B7010008B701000870
:10009000B7010008B7010008B7010008B701000860
:1000A000B7010008B7010008B7010008B701000850
:1000B000B7010008B7010008B7010008B701000840
:1000C000B7010008B7010008B7010008B701000830
:1000D000B7010008398A0008DD8A0008358B00085E
:1000E000B7010008B7010008B7010008B701000810
:1000F000B7010008B7010008B7010008B701000800
:10010000B7010008B7010008B7010008B7010008EF
:10011000B7010008B7010008B7010008B7010008DF
:10012000B7010008B7010008B7010008B7010008CF
:10013000B7010008B7010008B7010008B7010008BF
:10014000B7010008B7010008B7010008B7010008AF
:10015000B7010008B7010008B7010008B70100089F
:10016000B7010008B7010008B7010008B70100088F
:10017000B7010008B7010008B7010008B70100087F
:10018000B7010008B7010008DFF80CD000F042F812
:1001900000480047498E00081005002006488047A7
:1001A00006480047FEE7FEE7FEE7FEE7FEE7FEE75C
:1001B000FEE7FEE7FEE7FEE7358900088901000853
:1001C000C1F30A5210B5C1F3130140F2FF3341F4F9
:1001D00080119A4201DA002010BD40F233439A4266
:1001E000A2F2334203DC524200F003F810BD90400B
:1001F00010BD202A04DB203A21FA02F000217047CA
:1002000021FA02F3D040C2F120029140084319467E
:1002100070470000064C074D06E0E06840F001031F
:1002200094E8070098471034AC42F6D3FFF7B0FFCC
:1002300074A8000894A800080029816814BF41F040
:10024000010121F001018160704700000849D1F8E7
:100250000423084B1A40D0E9003C43EA0C03D0E9E0
:1002600002C04CEA000018431043C1F80403704771
:1002700000200140E030FCFFC06C80B270470246B5
:10028000002012680A4218BF0120704710B442686B
:1002900091F804C022F4807222F040720B6842EAA6
:1002A0000C221A43426082680C4B4C791A40D1E907
:1002B00003C343EA0C03D1F808C04CEA440C43EAF8
:1002C0000C031A438260C26A097D22F47002491E3F
:1002D000C9B242EA0151C16210BC7047FDF7FFC0CC
:1002E00030B4072409290DD9C568A1F10A0C0CEB1B
:1002F0004C0C04FA0CF425EA040403FA0CF323432F
:10030000C3600AE0056901EB410C04FA0CF425EA2C
:10031000040403FA0CF3234303611F23072A0CD2BE
:10032000D0F834C0521E02EB820293402CEA030341
:1003300091401943416330BC70470D2A0CD2D0F86C
:1003400030C0D21F02EB820293402CEA030391409B
:100350001943016330BC7047D0F82CC00D3A02EB52
:10036000820293402CEA030391401943C16230BCDE
:100370007047816841F080418160704710B501216C
:100380008CB0084608F0F6F90121042008F0F2F9D3
:100390000121080208F012FA0121480208F00EFAC1
:1003A00060200A9003208DF82C0000248DF82F4047
:1003B0000AA9154800F0B2F90121080208F00AFA6A
:1003C00000214FF4807008F005FA06944FF4803055
:1003D0000994CDE9070406A8FFF738FF8DF804401B
:1003E00000948DF80540029404940120074C8DF888
:1003F000140069462046FFF749FF01212046FFF718
:100400001BFF0CB010BD00000000024000200140A6
:10041000FEE7000006498A78012A18BF70470022CB
:100420008A7004498A78497802EB0121018070477B
:1004300010000020130000202DE9F04182B00121BE
:10044000402008F097F901278DF804700026780203
:100450008DF8066000908DF807700220DFF89C8010
:100460008DF805006946404600F058F9D8F80000BC
:1004700020F44020C8F80000D8F8000040F48020A4
:10048000C8F800001E4CC4F8A462142008F076FCE2
:10049000C4F8A4721E2008F0BBFCD8F800000025A8
:1004A00020F44020C8F80000D8F80000C8F8000088
:1004B00004E0681CC5B2012008F0AAFCD4F82402AC
:1004C00010B1642D04D2F4E7642D38BF002508D3A1
:1004D00002B03846BDE8F081681CC5B2012008F0C2
:1004E00097FCD4F8240230B1642D38BF3046EFD2E7
:1004F00002B0BDE8F081642DEED3E9E700180240B8
:10050000000043422DE9F34F474D83B0286820F4A3
:1005100040202860286840F480202860434E4FF037
:100520000009C6F8A492142008F028FC4FF0010A34
:10053000C6F8A4A21E2008F06BFC2868002420F452
:10054000402028602868286004E0601CC4B20120B4
:1005500008F05EFCD6F8240210B1642C1BD2F4E73C
:10056000642C38BF002416D204E0601CC4B2012001
:1005700008F04EFCD6F8240258B1642C3CBF4FF072
:100580000008EB4607D2002005464006070E00246F
:100590000AE0642CE9D305B00120BDE8F08F601CAF
:1005A000C4B2012008F034FCD6F82402002818BF99
:1005B000642CF4D3002404E0601CC4B2012008F0D1
:1005C00027FCD6F8240208B9642CF5D3282008F0BB
:1005D0001FFCD6F82402002814BF50464846384372
:1005E000691CCDB2082DD0D30BF8080008F101002A
:1005F00000F0FF08B8F1050FC5D39DF800109DF875
:1006000001009DF803300A189DF8020003441A44C3
:100610009DF804309A4203D1049A1170039908702E
:1006200005B00020BDE8F08F0018024000004342F2
:10063000704700008000A0F1C0400029016812BF8F
:1006400041F00101014A114001607047FEFF0F00B7
:10065000D0E901121143D0E903231A43114342693F
:10066000114382691143C2691143026A1143426A0C
:100670001143826A1143C26A1143026B0A43016843
:100680008900A1F1C0410A608168082907D1016889
:100690008900A1F1C0410A6842F040020A60416B42
:1006A000D1E9002342EA03128B68B1F80CC01B02A7
:1006B00043EA0C431A430B8A42EA03520B7D8969D1
:1006C00042EA0362114302689200A2F1C042516003
:1006D000C16AB1F5804F08D000686FF070418000AA
:1006E000A0F1C040C0F804117047816BD1E900232C
:1006F00042EA03128B68B1F810C01B0243EA0C53A4
:100700001A430B7D896942EA036200681143800045
:10071000A0F1C040C0F80411704700002DE9F001BD
:10072000002201255FF00306D1F800C005FA02F3AC
:100730000CEA030C9C4537D107684FEA420C06FAD5
:100740000CF4A74307600F79D0F8008007FA0CF784
:1007500047EA080707600F79012F18BF022F17D14A
:10076000876827EA040787604F79D0F8088007FA7E
:100770000CF747EA08078760476827EA03034360E6
:1007800043688F7907FA02F7BFB243EA0703436071
:10079000C36823EA0403C360CB7903FA0CF3D0F8EF
:1007A0000CC043EA0C03C36002F10102102ABBD360
:1007B000BDE8F00170474B07DB0E9A40C90800EB1B
:1007C0008100016A4FF00F0C0CFA03F399430162A8
:1007D000016A1143016270470246002012690A4211
:1007E00018BF0120704741837047000010B50A4CC4
:1007F0000146072301222046FFF772FD2046FFF73E
:10080000B8FD02212046FFF73AFD0028F9D0204626
:10081000BDE81040FFF730BD002001402DE9F04158
:100820004FF000050E0007462C4618BFDFF8488041
:100830001DD03946072301224046FFF751FD4046AF
:10084000FFF797FD02214046FFF719FD0028F9D078
:100850004046FFF711FD010AC0B240EA01200544FD
:10086000052008F08BFA601CC4B2B442E1D3B5FB9A
:10087000F6F080B2BDE8F08100200140FEE7000004
:100880002DE9F0438046012187B0084607F072FF4A
:100890000121102007F092FF02268DF80460032743
:1008A0004FF400708DF805700024DFF8A4900090DC
:1008B0008DF8064001258DF8075069464846FFF738
:1008C0002DFF8DF80460A8028DF8057000908DF85A
:1008D00006408DF8074069464846FFF71FFF07228C
:1008E00009214846FFF767FF07220A214846FFF71C
:1008F00062FFADF80C40ADF80E40ADF81040ADF819
:1009000014400C20134CADF81200CDF8088002A959
:10091000204608F0A9F94FF4A06007F01FFF25203A
:100920008DF818008DF819508DF81A508DF81B505D
:1009300006A807F0DBFE012240F22551204608F010
:100940007AF90121204608F040F907B0BDE8F083AC
:1009500000000240001001402DE9F04F374A2C25DD
:10096000114690712B2689884FF430584FF428593E
:1009700041F6631A2A274FF0F00E45F2105B4FF450
:1009800048744FF4A07C4FF4F073E8B1A2F800C0B3
:10099000A2F802E0594544D1A2F80880A2F80A90D2
:1009A0003002908114805380A1F5A640103819BF01
:1009B000A1F5EC40B0F5CB701380A2F802C0002086
:1009C000BDE8F04F07F0C8B9A2F800E0A2F802C0F5
:1009D00059451BD1A2F80880A2F80A904FF42C5078
:1009E00090811380A2F80240A1F5A640103819BFEB
:1009F000A1F5EC40B0F5CB70A2F800C05380A1F592
:100A00001840063804BF13805480D8E7514515813B
:100A100001BF56819781138054801CBF57819681F6
:100A2000E2E751451CBFA1F51840B0F10600158161
:100A30005781968104BF14805380B5E7740000206D
:100A40002DE9F8078E4E01F0FF0C3546B6F80490FC
:100A50000C0AA989070A6D89A9F5A04A4FF0D84365
:100A600000F0FF08BAF5A26A48D0A9F5C85ABAF151
:100A7000630A7DD0ADF80050BDF80000ADF800006D
:100A8000BDF80000A3F87E00ADF80070BDF80000CE
:100A9000ADF80000BDF80000A3F88000ADF80080BC
:100AA000BDF80000ADF80000BDF80000A3F880001C
:100AB000ADF80010BDF80000ADF80000BDF8000072
:100AC000A3F87E00ADF80040BDF80000ADF80000CE
:100AD000BDF80000A3F88000ADF800C0BDF800002C
:100AE000ADF80000BDF80000A3F880003089A3F83D
:100AF0007E00A3F88020BDE8F8077047ADF80050ED
:100B0000BDF80000ADF80000BDF80000A3F87E00BD
:100B1000ADF80070BDF80000ADF80000BDF80000B1
:100B2000A3F88000681CADF80000BDF80000ADF827
:100B30000000BDF80000A3F87E00ADF80080BDF80D
:100B40000000ADF80000BDF80000A3F88000ADF88B
:100B50000010BDF80000ADF80000BDF80000A3F8DB
:100B60007E00ADF80040BDF80000ADF8000000E0E8
:100B700019E0BDF80000A3F88000481CADF80000A3
:100B8000BDF80000ADF80000BDF80000A3F87E003D
:100B9000ADF800C0BDF80000ADF80000BDF80000E1
:100BA000A3F88000A2E7B7791FB93788381A401E2A
:100BB00080B2ADF80050BDF80050ADF80050BDF85F
:100BC0000050A3F87E50050AADF80050BDF8007043
:100BD000ADF80070BDF80070A3F88070C0B2ADF839
:100BE0000000BDF80070ADF80070BDF80070A3F80B
:100BF0008070ADF80050BDF80050ADF80050BDF861
:100C00000050A3F88050ADF80000BDF80000ADF82A
:100C10000000BDF80000A3F88000ADF80010BDF89A
:100C20000000ADF80000BDF80000A3F87E00ADF8AC
:100C30000040BDF80000ADF80000BDF80000A3F8CA
:100C40008000ADF800C0BDF80000ADF80000BDF8B0
:100C50000000A3F88000ADF80040BDF80000ADF83A
:100C60000000BDF80000A3F88000ADF800C0BDF89A
:100C70000000ADF80000BDF80000A3F8800035E7E3
:100C800074000020000000002DE9F04FA1B0002406
:100C900001217A201F9407F06DFD0121084607F01D
:100CA00075FD01258DF804504FF400408DF8064085
:100CB000022700908DF805708DF807506946FE48B0
:100CC000FFF72CFD8DF804704CF233708DF8064060
:100CD0004FF00308F94E00908DF805808DF807500D
:100CE00069463046FFF71AFD4FF6807000908DF888
:100CF00004708DF8064003208DF80500DFF8C093DE
:100D00008DF8075069464846FFF708FD2803009014
:100D10008DF804708DF8064003208DF805008DF8DD
:100D200007506946E748FFF7F9FC280300908DF863
:100D300004708DF8064003208DF805008DF80750EB
:100D40006946E148FFF7EAFC0C2200213046FFF734
:100D500032FD0C2201213046FFF72DFD0C2204212B
:100D60003046FFF728FD0C2205213046FFF723FD12
:100D70000C2208213046FFF71EFD0C2209213046C7
:100D8000FFF719FD0C220A213046FFF714FD0C2253
:100D90000E213046FFF70FFD0C220F213046FFF7E2
:100DA0000AFD0C2207214846FFF705FD0C22082109
:100DB0004846FFF700FD0C2209214846FFF7FBFCDF
:100DC0000C220A214846FFF7F6FC0C220B2148466C
:100DD000FFF7F1FC0C2211464846FFF7ECFC0C2211
:100DE0000D214846FFF7E7FC0C220E214846FFF78D
:100DF000E2FC0C220F214846FFF7DDFC0C221146D5
:100E0000B048FFF7D8FC0C221146AF48FFF7D3FCDF
:100E10000F20CDE911043C20CDE9130415940920DD
:100E20001694CDE917400820CDE919401B941C9475
:100E30000620CDE902041D941E941020CDE9044043
:100E400006940002CDE90A40089407948000CDE999
:100E50000C40099411A8CDE90E4018A8109002A8E2
:100E6000FFF7F6FB01210620FFF7E4FB322007F035
:100E700085FFD320ADF87C00BDF87C00ADF87C0088
:100E8000BDF87C004FF0D844A4F87E00B4F8800090
:100E9000ADF87C00BDF87C008C49B4F88000ADF85A
:100EA0007C00BDF87C00B4F88000ADF87C00BDF893
:100EB0007C004FF6FF7202EA0020B4F88020ADF803
:100EC0007C20BDF87C204FF0040910438880A0F5F9
:100ED0001341413900F04481ADF87C90BDF87C00AD
:100EE000ADF87C00BDF87C00A4F87E00B4F880006A
:100EF000ADF87C00BDF87C00744EB4F88000ADF80D
:100F00007C00BDF87C00B4F88000ADF87C00BDF832
:100F10007C004FF6FF7AB4F880100AEA0020ADF8A2
:100F20007C10BDF87C100843A0F50541B080523913
:100F300004BF47F28970B08000F03781A0F5EE4120
:100F4000893900F00D81D420ADF87C00BDF87C001B
:100F5000ADF87C00BDF87C00A4F87E00B4F88000F9
:100F6000ADF87C00BDF87C00B4F88000ADF87C00E2
:100F7000BDF87C00B4F88000ADF87C00BDF87C00C2
:100F8000B4F880100AEA0020ADF87C10BDF87C109F
:100F90000843A0F5A641B08010397DD04FF0D30BA7
:100FA000ADF87CB0BDF87C00ADF87C00BDF87C00ED
:100FB000A4F87E00B4F88000ADF87C00BDF87C0099
:100FC000B4F88000ADF87C00BDF87C00B4F8800077
:100FD000ADF87C00BDF87C00B4F880100AEA00206F
:100FE000ADF87C10BDF87C100843A0F5EE41B08050
:100FF000963951D04FF470415520A4F87E10A4F8D2
:101000008000491CAA20A4F87E10A4F88000491C86
:101010005220A4F87E10A4F88000491C0820A4F8EF
:101020007E10A4F88000491C0120A4F87E10A4F8CA
:1010300080004FF44540ADF87C00BDF87C00ADF871
:101040007C00BDF87C00A4F87E00B4F88000ADF808
:101050007C00BDF87C004CF201510AEA0020ADF89A
:101060007C10BDF87C10ADF87C10BDF87C10A4F8A5
:101070007E10B4F88010ADF87C10BDF87C100843E9
:10108000B080052007F07AFEB088B0F5004F08BFA9
:1010900045F210507CD000E062E0A0F5AA41103982
:1010A0005ED0ADF87CB0BDF87C00ADF87C00BDF83A
:1010B0007C00A4F87E000BE000040240000C02401B
:1010C000001002400014024000180240740000208A
:1010D000B4F88000ADF87C00BDF87C00B4F8800066
:1010E000ADF87C00BDF87C00B4F88000ADF87C0061
:1010F000BDF87C00B4F880100AEA0020ADF87C103E
:10110000BDF87C100843A0F51841B080063927D0FF
:10111000A120ADF87C00BDF87C00ADF87C00BDF8E6
:101120007C00A4F87E00B4F88000ADF87C00BDF827
:101130007C00B4F88000ADF87C00BDF87C00B4F809
:1011400080100AEA0020ADF87C10BDF87C1008433E
:10115000A0F5AE41B080613908BF41F6631023D0DD
:10116000FE488088A0F5134141391CBFA0F5EE412F
:10117000B1F1890119D0A0F5A64110391CBFA0F525
:10118000A041B1F5A26110D0A0F5C851633900E0CB
:101190000AE01FBFA0F5EC41B1F5CB71A0F51841F5
:1011A000B1F1060101D01AE0B0804FF02040D0F834
:1011B0001C1121F00F01C0F81C11D0F81C1121F4F2
:1011C0007061C0F81C11D0F81C1141F00401C0F886
:1011D0001C11D0F81C1141F48061C0F81C11DF48CB
:1011E000E0264FF03A0B80884FF0290AA0F5134112
:1011F00041391FD0A0F5EE41893900F0F283A0F506
:10120000A641103900F0D286A0F5AA41103904F0A9
:10121000EB80A0F5EE41963905F00382A0F5184168
:10122000063905F01785A0F5C851633906F0C2826A
:1012300006F05BBDCF20ADF87C00BDF87C00ADF8BA
:101240007C00BDF87C00A4F87E000020ADF87C0096
:10125000BDF87C10ADF87C10BDF87C10A4F88010AF
:10126000C123ADF87C30BDF87C10ADF87C10BDF822
:101270007C10A4F880103021ADF87C10BDF87C20E3
:10128000ADF87C20BDF87C20A4F88020ED22ADF8DC
:101290007C20BDF87C20ADF87C20BDF87C20A4F833
:1012A0007E206422ADF87C20BDF87C20ADF87C2047
:1012B000BDF87C20A4F88020ADF87C80BDF87C20AF
:1012C000ADF87C20BDF87C20A4F880201222ADF877
:1012D0007C20BDF87C20ADF87C20BDF87C20A4F8F3
:1012E00080208122ADF87C20BDF87C20ADF87C20E8
:1012F000BDF87C20A4F88020E822ADF87C20BDF861
:101300007C20ADF87C20BDF87C20A4F87E208522CE
:10131000ADF87C20BDF87C20ADF87C20BDF87C20A9
:10132000A4F880201022ADF87C20BDF87CC0ADF878
:101330007CC0BDF87CC0A4F880C04FF07A0CADF83A
:101340007CC0BDF87CC0ADF87CC0BDF87CC0A4F802
:1013500080C04FF0CB0CADF87CC0BDF87CC0ADF8C0
:101360007CC0BDF87CC0A4F87EC04FF0390CADF84D
:101370007CC0BDF87CC0ADF87CC0BDF87CC0A4F8D2
:1013800080C04FF02C0CADF87CC0BDF87CC0ADF82F
:101390007CC0BDF87CC0A4F880C0ADF87C00BDF86E
:1013A0007CC0ADF87CC0BDF87CC0A4F880C04FF014
:1013B000340CADF87CC0BDF87CC0ADF87CC0BDF885
:1013C0007CC0A4F880C0ADF87C70BDF87CC0ADF8DE
:1013D0007CC0BDF87CC0A4F880C04FF0F70CADF81D
:1013E0007CC0BDF87CC0ADF87CC0BDF87CC0A4F862
:1013F0007EC04FF0200CADF87CC0BDF87CC0ADF8CD
:101400007CC0BDF87CC0A4F880C04FF0EA0CADF8F9
:101410007CC0BDF87CC0ADF87CC0BDF87CC0A4F831
:101420007EC0ADF87C00BDF87CC0ADF87CC0BDF8D6
:101430007CC0A4F880C0ADF87C00BDF87CC0ADF8DD
:101440007CC0BDF87CC0A4F880C04FF0C00CADF8E3
:101450007CC0BDF87CC0ADF87CC0BDF87CC0A4F8F1
:101460007EC04FF01B0CADF87CC0BDF87CC0ADF861
:101470007CC0BDF87CC0A4F880C0ADF87C30BDF85D
:101480007C30ADF87C30BDF87C30A4F87E30ADF80F
:101490007C50BDF87C30ADF87C30BDF87C30A4F8D1
:1014A0008030C523ADF87C30BDF87C30ADF87C30A1
:1014B000BDF87C30A4F87E30ADF87C10BDF87C30EF
:1014C000ADF87C30BDF87C30A4F88030ADF87C10ED
:1014D000BDF87C10ADF87C10BDF87C10A4F880102D
:1014E000C721ADF87C10BDF87C10ADF87C10BDF8BC
:1014F0007C10A4F87E10B721ADF87C10BDF87C10EC
:10150000ADF87C10BDF87C10A4F880103621ADF841
:101510007C10BDF87C10ADF87C10BDF87C10A4F8F0
:101520007E104821ADF87C10BDF87C10ADF87C1021
:10153000BDF87C10A4F88010ADF87CB0BDF87C102C
:10154000ADF87C10BDF87C10A4F87E105521ADF8E4
:101550007C10BDF87C10ADF87C1001E07400002018
:10156000BDF87C10A4F88010B121ADF87C10BDF856
:101570007C10ADF87C10BDF87C10A4F87E10ADF89E
:101580007C00BDF87C10ADF87C10BDF87C10A4F890
:1015900080101A21ADF87C10BDF87C10ADF87C10DD
:1015A000BDF87C10A4F88010B621ADF87C10BDF811
:1015B0007C10ADF87C10BDF87C10A4F87E100A21D8
:1015C000ADF87C10BDF87C30ADF87C30BDF87C30D7
:1015D000A4F88030A223ADF87C30BDF87C30ADF8A3
:1015E0007C30BDF87C30A4F88030F223ADF87C303C
:1015F000BDF87C30ADF87C30BDF87C30A4F87E308E
:10160000ADF87C00BDF87C30ADF87C30BDF87C30A6
:10161000A4F880302623ADF87C30BDF87C30ADF8DE
:101620007C30BDF87C30A4F87E30ADF87C50BDF83D
:101630007C30ADF87C30BDF87C30A4F88030ADF85B
:101640007C60BDF87C30ADF87C30BDF87C30A4F80F
:101650007E300F23ADF87C30BDF87CC0ADF87CC087
:10166000BDF87CC0A4F880C04FF02A0CADF87CC057
:10167000BDF87C60ADF87C60BDF87C60A4F880604B
:101680002826ADF87C60BDF87C60ADF87C60BDF8C4
:101690007C60A4F880600826ADF87C60BDF87C70A2
:1016A000ADF87C70BDF87C70A4F880700E27ADF8A2
:1016B0007C70BDF87C70ADF87C70BDF87C70A4F8CF
:1016C0008070ADF87C60BDF87C60ADF87C60BDF8E2
:1016D0007C60A4F880605426ADF87C60BDF87C6026
:1016E000ADF87C60BDF87C60A4F88060A926ADF8F8
:1016F0007C60BDF87C60ADF87C60BDF87C60A4F8CF
:1017000080604326ADF87C60BDF87C60ADF87C60FD
:10171000BDF87C60A4F88060ADF87C10BDF87C104A
:10172000ADF87C10BDF87C10A4F88010ADF87C30CA
:10173000BDF87C10ADF87C10BDF87C10A4F88010CA
:10174000ADF87C00BDF87C10ADF87C10BDF87C10C5
:10175000A4F88010ADF87C00BDF87C10ADF87C10CA
:10176000BDF87C10A4F88010ADF87C00BDF87C10AA
:10177000ADF87C10BDF87C10A4F88010ADF87C00AA
:10178000BDF87C10ADF87C10BDF87C10A4F880107A
:10179000E121ADF87C10BDF87C10ADF87C10BDF8EF
:1017A0007C10A4F87E10ADF87C00BDF87C10ADF87C
:1017B0007C10BDF87C10A4F880101521ADF87C10C9
:1017C000BDF87C10ADF87C10BDF87C10A4F880103A
:1017D0001721ADF87C10BDF87C10ADF87C10BDF879
:1017E0007C10A4F880100721ADF87C10BDF87C10A7
:1017F000ADF87C10BDF87C10A4F880101121ADF874
:101800007C10BDF87C60ADF87C60BDF87C60A4F80D
:1018100080600626ADF87C60BDF87C60ADF87C6029
:10182000BDF87C60A4F880602B26ADF87C60BDF824
:101830007C70ADF87C70BDF87C70A4F88070562781
:10184000ADF87C70BDF87C70ADF87C70BDF87C7034
:10185000A4F880703C27ADF87C70BDF87C70ADF8C2
:101860007C70BDF87C70A4F880700527ADF87C70A2
:10187000BDF87C70ADF87C70BDF87C70A4F8807009
:10188000ADF87C20BDF87C20ADF87C20BDF87C2034
:10189000A4F88020ADF87C30BDF87C20ADF87C2029
:1018A000BDF87C20A4F880203F22ADF87C20BDF854
:1018B0007C70ADF87C70BDF87C70A4F88070ADF8D9
:1018C0007C20BDF87C70ADF87C70BDF87C70A4F80D
:1018D0008070ADF87C30BDF87C30ADF87C30BDF860
:1018E0007C30A4F88030ADF87C60BDF87C30ADF879
:1018F0007C30BDF87C30A4F87E30ADF87C00BDF8BB
:101900007C30ADF87C30BDF87C30A4F88030ADF888
:101910007C00BDF87C30ADF87C30BDF87C30A4F89C
:101920008030ADF87C50BDF87C30ADF87C30BDF82F
:101930007C30A4F88030ADF87C20BDF87C20ADF878
:101940007C20BDF87C20A4F88020ADF87CC0BDF8D8
:101950007C20ADF87C20BDF87C20A4F87E20ADF87A
:101960007C00BDF87C20ADF87C20BDF87C20A4F87C
:101970008020ADF87C00BDF87C20ADF87C20BDF85F
:101980007C20A4F88020ADF87C00BDF87C00ADF888
:101990007C00BDF87C00A4F88000EF20ADF87C004E
:1019A000BDF87C00ADF87C00BDF87C00A4F8800098
:1019B000ADF87C10BDF87C00ADF87C00BDF87C0073
:1019C000A4F87E00782007F0D9F9ADF87CA0BDF826
:1019D0007C00ADF87C00BDF87C00A4F87E0006F029
:1019E00084B91120ADF87C00BDF87C00ADF87C0016
:1019F000BDF87C00A4F87E00782007F0BFF93620FF
:101A0000ADF87C00BDF87C00ADF87C00BDF87C0032
:101A1000A4F87E000020ADF87C00BDF87C10ADF885
:101A20007C10BDF87C10A4F88010ADF87CB0BDF837
:101A30007C10ADF87C10BDF87C10A4F87E10052158
:101A4000ADF87C10BDF87C10ADF87C10BDF87C10B2
:101A5000A4F88010B221ADF87C10BDF87C10ADF870
:101A60007C10BDF87C10A4F87E100C21ADF87C1021
:101A7000BDF87C20ADF87C20BDF87C20A4F8802047
:101A8000ADF87C10BDF87C20ADF87C20BDF87C2042
:101A9000A4F88020ADF87C00BDF87C20ADF87C2057
:101AA000BDF87C20A4F880203322ADF87C20BDF85E
:101AB0007C30ADF87C30BDF87C30A4F88030ADF8D7
:101AC0007C20BDF87C20ADF87C20BDF87C20A4F8FB
:101AD0008020B722ADF87C20BDF87C20ADF87C20BA
:101AE000BDF87C20A4F87E203522ADF87C20BDF81E
:101AF0007C20ADF87C20BDF87C20A4F88020BB229F
:101B0000ADF87C20BDF87C20ADF87C20BDF87C20B1
:101B1000A4F87E203223ADF87C30BDF87C20ADF8EF
:101B20007C20BDF87C20A4F88020C022ADF87C2069
:101B3000BDF87C20ADF87C20BDF87C20A4F87E2088
:101B4000ADF87C10BDF87C10ADF87C10BDF87C10B1
:101B5000A4F88010C221ADF87C10BDF87C10ADF85F
:101B60007C10BDF87C10A4F87E10ADF87C50BDF858
:101B70007C10ADF87C10BDF87C10A4F88010C32157
:101B8000ADF87C10BDF87C10ADF87C10BDF87C1071
:101B9000A4F87E101021ADF87C10BDF87C10ADF8D3
:101BA0007C10BDF87C10A4F88010C421ADF87C1026
:101BB000BDF87C10ADF87C10BDF87C10A4F87E1048
:101BC0002021ADF87C10BDF87C10ADF87C10BDF87C
:101BD0007C10A4F88010C621ADF87C10BDF87C10F4
:101BE000ADF87C10BDF87C10A4F87E100F21ADF884
:101BF0007C10BDF87C10ADF87C10BDF87C10A4F80A
:101C00008010D022ADF87C20BDF87C10ADF87C109F
:101C1000BDF87C10A4F87E10A421ADF87C10BDF8AE
:101C20007C10ADF87C10BDF87C10A4F88010A121C8
:101C3000ADF87C10BDF87C10ADF87C10BDF87C10C0
:101C4000A4F88010ADF87C60BDF87C10ADF87C1075
:101C5000BDF87C10A4F87E10ADF87C20BDF87C1097
:101C6000ADF87C10BDF87C10A4F88010ADF87C00B5
:101C7000BDF87C10ADF87C10BDF87C10A4F8801085
:101C8000ADF87C70BDF87C10ADF87C10BDF87C1010
:101C9000A4F880104FF00708ADF87C80BDF87C10E8
:101CA000ADF87C10BDF87C10A4F880104FF00A0C41
:101CB000ADF87CC0BDF87C10ADF87C10BDF87C1090
:101CC000A4F880102826ADF87C60BDF87C10ADF833
:101CD0007C10BDF87C10A4F88010ADF87C30BDF805
:101CE0007C10ADF87C10BDF87C10A4F88010442165
:101CF000ADF87C10BDF87C10ADF87C10BDF87C1000
:101D0000A4F880104221ADF87C10BDF87C10ADF82D
:101D10007C10BDF87C10A4F880100621ADF87C1072
:101D2000BDF87C10ADF87C10BDF87C10A4F88010D4
:101D30000E23ADF87C30BDF87C10ADF87C10BDF8FA
:101D40007C10A4F880101221ADF87C10BDF87C1036
:101D5000ADF87C10BDF87C10A4F880101421ADF80B
:101D60007C10BDF87C10ADF87C10BDF87C10A4F898
:101D700080101721ADF87C10BDF87C90ADF87C90F8
:101D8000BDF87C90A4F880904FF0E109ADF87C900C
:101D9000BDF87C90ADF87C90BDF87C90A4F87E9066
:101DA000ADF87C20BDF87C20ADF87C20BDF87C200F
:101DB000A4F88020ADF87C00BDF87C20ADF87C2034
:101DC000BDF87C20A4F88020ADF87C70BDF87C20A4
:101DD000ADF87C20BDF87C20A4F88020ADF87C8094
:101DE000BDF87C20ADF87C20BDF87C20A4F88020D4
:101DF000ADF87CC0BDF87C20ADF87C20BDF87C201F
:101E0000A4F88020ADF87C60BDF87C20ADF87C2083
:101E1000BDF87C20A4F880203122ADF87C20BDF8EC
:101E20007C20ADF87C20BDF87C20A4F880205422D2
:101E3000ADF87C20BDF87C20ADF87C20BDF87C207E
:101E4000A4F880204722ADF87C20BDF87C20ADF8B6
:101E50007C20BDF87C20A4F88020ADF87C30BDF853
:101E60007C20ADF87C20BDF87C20A4F880201C22CA
:101E7000ADF87C20BDF87C20ADF87C20BDF87C203E
:101E8000A4F88020ADF87C10BDF87C10ADF87C1073
:101E9000BDF87C10A4F880101B21ADF87C10BDF8B3
:101EA0007C10ADF87C10BDF87C10A4F880101E21C9
:101EB000ADF87C10BDF87C10ADF87C10BDF87C103E
:101EC000A4F880102A21ADF87C10BDF87C10ADF884
:101ED0007C10BDF87C10A4F87E10ADF87C00BDF835
:101EE0007C10ADF87C10BDF87C10A4F88010ADF823
:101EF0007C00BDF87C10ADF87C10BDF87C10A4F817
:101F00008010ADF87C00BDF87C10ADF87C10BDF8F9
:101F10007C10A4F88010EF21ADF87C10BDF87C1087
:101F2000ADF87C10BDF87C10A4F880102B21ADF822
:101F30007C10BDF87C10ADF87C10BDF87C10A4F8C6
:101F40007E10ADF87C00BDF87C10ADF87C10BDF8BB
:101F50007C10A4F88010ADF87C00BDF87C00ADF8D2
:101F60007C00BDF87C00A4F88000ADF87C50BDF882
:101F70007C00ADF87C00BDF87C00A4F880003F2018
:101F8000ADF87C00BDF87C00ADF87C00BDF87C00AD
:101F9000A4F88000ADF87CA0BDF87C00ADF87C0012
:101FA000BDF87C00A4F87E0005F09FBEED20ADF8E2
:101FB0007C00BDF87C00ADF87C00BDF87C00A4F886
:101FC0007E00ADF87C50BDF87C00ADF87C00BDF81B
:101FD0007C00A4F88000FE20ADF87C00BDF87C00F9
:101FE000ADF87C00BDF87C00A4F88000EE20ADF8D0
:101FF0007C00BDF87C00ADF87C00BDF87C00A4F846
:102000007E00DE20ADF87C00BDF87C00ADF87C00E1
:10201000BDF87C00A4F880002121ADF87C10BDF84B
:102020007C00ADF87C00BDF87C00A4F88000F120B5
:10203000ADF87C00BDF87C00ADF87C00BDF87C00FC
:10204000A4F87E000120ADF87C00BDF87C00ADF85E
:102050007C00BDF87C00A4F88000DF20ADF87C0097
:10206000BDF87C00ADF87C00BDF87C00A4F87E00D3
:102070001020ADF87C00BDF87C00ADF87C00BDF808
:102080007C00A4F88000C420ADF87C00BDF87C0082
:10209000ADF87C00BDF87C00A4F87E008F20ADF880
:1020A0007C00BDF87C00ADF87C00BDF87C00A4F895
:1020B0008000C620ADF87C00BDF87C00ADF87C0047
:1020C000BDF87C00A4F87E004FF0000CADF87CC099
:1020D000BDF87C00ADF87C00BDF87C00A4F8800061
:1020E000E220ADF87C00BDF87C20ADF87C20BDF886
:1020F0007C20A4F88020ADF87C00BDF87C20ADF8F1
:102100007C20BDF87C20A4F88020ADF87C00BDF8D0
:102110007C00ADF87C00BDF87C00A4F88000BF20F6
:10212000ADF87C00BDF87C00ADF87C00BDF87C000B
:10213000A4F87E00AA20ADF87C00BDF87C00ADF8C4
:102140007C00BDF87C00A4F88000B020ADF87C00D5
:10215000BDF87C00ADF87C00BDF87C00A4F87E00E2
:102160000D20ADF87C00BDF87C20ADF87C20BDF8DA
:102170007C20A4F88020ADF87CC0BDF87C20ADF8B0
:102180007C20BDF87C20A4F88020ADF87C00BDF850
:102190007C00ADF87C00BDF87C00A4F88000ADF8B0
:1021A0007CC0BDF87C00ADF87C00BDF87C00A4F8D4
:1021B00080001120ADF87C00BDF87C00ADF87C00FB
:1021C000BDF87C00A4F88000ADF87CC0BDF87C00B0
:1021D000ADF87C00BDF87C00A4F880001920ADF8B3
:1021E0007C00BDF87C00ADF87C00BDF87C00A4F854
:1021F0008000ADF87CC0BDF87C00ADF87C00BDF877
:102200007C00A4F88000ADF87C10BDF87C00ADF82F
:102210007C00BDF87C00A4F88000ADF87CC0BDF85F
:102220007C00ADF87C00BDF87C00A4F880002D2077
:10223000ADF87C00BDF87C00ADF87C00BDF87C00FA
:10224000A4F88000ADF87CC0BDF87C00ADF87C003F
:10225000BDF87C00A4F880003D20ADF87C00BDF8FE
:102260007C00ADF87C00BDF87C00A4F88000ADF8DF
:102270007CC0BDF87C00ADF87C00BDF87C00A4F803
:1022800080005D20ADF87C00BDF87C10ADF87C10BE
:10229000BDF87C10A4F88010ADF87CC0BDF87C10AF
:1022A000ADF87C10BDF87C10A4F88010ADF87C006F
:1022B000BDF87C00ADF87C00BDF87C00A4F880007F
:1022C000ADF87CC0BDF87C00ADF87C00BDF87C00AA
:1022D000A4F88000B120ADF87C00BDF87C00ADF81A
:1022E0007C00BDF87C00A4F87E008020ADF87C0066
:1022F000BDF87C00ADF87C00BDF87C00A4F880003F
:10230000ADF87CC0BDF87C00ADF87C00BDF87C0069
:10231000A4F880008B22ADF87C20BDF87C00ADF8DD
:102320007C00BDF87C00A4F88000ADF87CC0BDF84E
:102330007C00ADF87C00BDF87C00A4F880004FF074
:10234000960EADF87CE0BDF87C00ADF87C00BDF8E1
:102350007C00A4F88000ADF87CC0BDF87C00ADF82E
:102360007C00BDF87C00A4F88000B220ADF87C00B1
:10237000BDF87C00ADF87C00BDF87C00A4F87E00C0
:10238000ADF87CC0BDF87C00ADF87C00BDF87C00E9
:10239000A4F88000ADF87CC0BDF87C00ADF87C00EE
:1023A000BDF87C102046A4F880100221ADF87C1006
:1023B000BDF87C30ADF87C30BDF87C30A4F88030BE
:1023C000ADF87CC0BDF87C30ADF87C30BDF87C3019
:1023D000A4F88030ADF87C80BDF87C30ADF87C305E
:1023E000BDF87C30A0F88030ADF87CC0BDF87C3002
:1023F000ADF87C30BDF87C30A0F88030B323ADF868
:102400007C30BDF87C30ADF87C30BDF87C30A0F875
:102410007E30ADF87CC0BDF87C30ADF87C30BDF8C6
:102420007C30A0F88030ADF87CC0BDF87C30ADF8D1
:102430007C30BDF87C30A0F88030ADF87CC0BDF8B1
:102440007C30ADF87C30BDF87C30A0F88030ADF841
:102450007CC0BDF87C30ADF87C30BDF87C30A0F895
:102460008030ADF87CC0BDF87C30ADF87C30BDF874
:102470007C30A0F88030ADF87CC0BDF87C30ADF881
:102480007C30BDF87C30A0F88030ADF87CC0BDF861
:102490007C30ADF87C30BDF87C30A0F88030ADF8F1
:1024A0007CC0BDF87C30ADF87C30BDF87C30A0F845
:1024B0008030ADF87CC0BDF87C30ADF87C30BDF824
:1024C0007C30A0F88030ADF87CC0BDF87C30ADF831
:1024D0007C30BDF87C30A0F88030ADF87CC0BDF811
:1024E0007C30ADF87C30BDF87C30A0F88030ADF8A1
:1024F0007CC0BDF87C30ADF87C30BDF87C30A0F8F5
:102500008030ADF87CC0BDF87C30ADF87C30BDF8D3
:102510007C30A0F88030ADF87CC0BDF87C30ADF8E0
:102520007C30BDF87C30A0F88030ADF87CC0BDF8C0
:102530007C30ADF87C30BDF87C30A0F88030ADF850
:102540007CC0BDF87C30ADF87C30BDF87C30A0F8A4
:102550008030ADF87CC0BDF87C30ADF87C30BDF883
:102560007C30A0F88030ADF87CC0BDF87C30ADF890
:102570007C30BDF87C30A0F88030ADF87CC0BDF870
:102580007C30ADF87C30BDF87C30A0F88030ADF800
:102590007CC0BDF87C30ADF87C30BDF87C30A0F854
:1025A0008030ADF87CC0BDF87C30ADF87C30BDF833
:1025B0007C30A0F88030ADF87CC0BDF87C30ADF840
:1025C0007C30BDF87C30A0F88030ADF87CC0BDF820
:1025D0007C30ADF87C30BDF87C30A0F88030ADF8B0
:1025E0007CC0BDF87C30ADF87C30BDF87C30A0F804
:1025F0008030B423ADF87C30BDF87C30ADF87C3051
:10260000BDF87C30A0F87E30ADF87C20BDF87C2091
:10261000ADF87C20BDF87C20A0F88020ADF87CC00F
:10262000BDF87C20ADF87C20BDF87C20A0F880208F
:10263000ADF87CE0BDF87C20ADF87C20BDF87C20B6
:10264000A0F88020ADF87CC0BDF87C20ADF87C20DF
:10265000BDF87C20A0F88020A122ADF87C20BDF838
:102660007C20ADF87C20BDF87C20A0F88020ADF85F
:102670007CC0BDF87C20ADF87C20BDF87C20A0F8A3
:102680008020B522ADF87C20BDF87C20ADF87C2000
:10269000BDF87C20A0F87E20ADF87C10BDF87C1041
:1026A000ADF87C10BDF87C10A0F88010ADF87CC0AF
:1026B000BDF87C10ADF87C10BDF87C10A0F880103F
:1026C000ADF87C80BDF87C10ADF87C10BDF87C10B6
:1026D000A0F88010ADF87CC0BDF87C10ADF87C107F
:1026E000BDF87C10A0F88010ADF87C90BDF87C108F
:1026F000ADF87C10BDF87C10A0F88010ADF87CC05F
:10270000BDF87C10ADF87C10BDF87C10A0F88010EE
:10271000B621ADF87C10BDF87C10ADF87C10BDF88A
:102720007C10A0F87E10ADF87CC0BDF87C10ADF830
:102730007C10BDF87C10A0F88010ADF87CC0BDF80E
:102740007C10ADF87C10BDF87C10A0F88010B7218B
:10275000ADF87C10BDF87C10ADF87C10BDF87C1095
:10276000A0F87E10ADF87CC0BDF87C10ADF87C10F0
:10277000BDF87C10A0F88010ADF87CC0BDF87C10CE
:10278000ADF87C10BDF87C10A0F880103F21ADF8AA
:102790007C10BDF87C10ADF87C10BDF87C10A0F862
:1027A0008010ADF87CC0BDF87C10ADF87C10BDF891
:1027B0007C10A0F880105E21ADF87C10BDF87C1074
:1027C000ADF87C10BDF87C10A0F88010ADF87CC08E
:1027D000BDF87C10ADF87C10BDF87C10A0F880101E
:1027E0006421ADF87C10BDF87C10ADF87C10BDF80C
:1027F0007C10A0F88010ADF87CC0BDF87C10ADF85E
:102800007C10BDF87C10A0F880108C21ADF87C10F5
:10281000BDF87C10ADF87C10BDF87C10A0F88010DD
:10282000ADF87CC0BDF87C10ADF87C10BDF87C1014
:10283000A0F88010AC21ADF87C10BDF87C10ADF88C
:102840007C10BDF87C10A0F88010ADF87CC0BDF8FD
:102850007C10ADF87C10BDF87C10A0F88010DC2155
:10286000ADF87C10BDF87C20ADF87C20BDF87C2054
:10287000A0F88020ADF87CC0BDF87C20ADF87C20AD
:10288000BDF87C20A0F880207022ADF87C20BDF837
:102890007C20ADF87C20BDF87C20A0F88020ADF82D
:1028A0007CC0BDF87C20ADF87C20BDF87C20A0F871
:1028B00080209022ADF87C20BDF87C20ADF87C20F3
:1028C000BDF87C20A0F88020ADF87CC0BDF87C204D
:1028D000ADF87C20BDF87C20A0F88020EB22ADF87C
:1028E0007C20BDF87C20ADF87C20BDF87C20A0F8D1
:1028F0008020ADF87CC0BDF87C20ADF87C20BDF810
:102900007C20A0F88020ADF87C10BDF87C10ADF8DC
:102910007C10BDF87C10A0F88010ADF87CC0BDF82C
:102920007C10ADF87C10BDF87C10A0F88010B821A8
:10293000ADF87C10BDF87C10ADF87C10BDF87C10B3
:10294000A0F87E10ADF87CC0BDF87C10ADF87C100E
:10295000BDF87C10A0F88010ADF87CC0BDF87C10EC
:10296000ADF87C10BDF87C10A0F88010ADF87CC0EC
:10297000BDF87C10ADF87C10BDF87C10A0F880107C
:10298000ADF87CC0BDF87C10ADF87C10BDF87C10B3
:10299000A0F88010ADF87CC0BDF87C10ADF87C10BC
:1029A000BDF87C10A0F88010ADF87CC0BDF87C109C
:1029B000ADF87C10BDF87C10A0F88010ADF87CC09C
:1029C000BDF87C10ADF87C10BDF87C10A0F880102C
:1029D000ADF87CC0BDF87C10ADF87C10BDF87C1063
:1029E000A0F88010BA21ADF87C10BDF87C10ADF8CD
:1029F0007C10BDF87C10A0F87E102421ADF87C106E
:102A0000BDF87C20ADF87C20BDF87C20A0F88020AB
:102A1000ADF87CC0BDF87C20ADF87C20BDF87C20F2
:102A2000A0F88020ADF87CC0BDF87C20ADF87C20FB
:102A3000BDF87C20A0F88020ADF87CC0BDF87C20DB
:102A4000ADF87C20BDF87C20A0F88020C122ADF834
:102A50007C20BDF87C20ADF87C20BDF87C20A0F85F
:102A60007E202022ADF87C20BDF87C20ADF87C20B3
:102A7000BDF87C20A0F88020ADF87CC0BDF87C209B
:102A8000ADF87C20BDF87C20A0F880205422ADF861
:102A90007C20BDF87C20ADF87C20BDF87C20A0F81F
:102AA0008020ADF87CC0BDF87C20ADF87C20BDF85E
:102AB0007C20A0F88020FF22ADF87C20BDF87C208F
:102AC000ADF87C20BDF87C20A0F88020ADF87CC05B
:102AD000BDF87C20ADF87C20BDF87C20A0F88020DB
:102AE000C222ADF87C20BDF87C20ADF87C20BDF87A
:102AF0007C20A0F87E200A22ADF87C20BDF87C2046
:102B0000ADF87C20BDF87C20A0F88020ADF87CC01A
:102B1000BDF87C20ADF87C20BDF87C20A0F880209A
:102B2000ADF87C90BDF87C20ADF87C20BDF87C2011
:102B3000A0F88020ADF87CC0BDF87C20ADF87C20EA
:102B4000BDF87C20A0F88020C322ADF87C20BDF821
:102B50007C20ADF87C20BDF87C20A0F87E203C22B3
:102B6000ADF87C20BDF87C20ADF87C20BDF87C2041
:102B7000A0F88020ADF87CC0BDF87C20ADF87C20AA
:102B8000BDF87C20A0F88020ADF87CB0BDF87C209A
:102B9000ADF87C20BDF87C20A0F88020ADF87CC08A
:102BA000BDF87C20ADF87C20BDF87C20A0F880200A
:102BB0003922ADF87C20BDF87C20ADF87C20BDF832
:102BC0007C20A0F88020ADF87CC0BDF87C20ADF85A
:102BD0007C20BDF87C20A0F880203722ADF87C2036
:102BE000BDF87C20ADF87C20BDF87C20A0F88020CA
:102BF000ADF87CC0BDF87C20ADF87C20BDF87C2011
:102C0000A0F880203C22ADF87C20BDF87C20ADF8F7
:102C10007C20BDF87C20A0F88020ADF87CC0BDF8F9
:102C20007C20ADF87C20BDF87C20A0F880204FF0FF
:102C3000360EADF87CE0BDF87C20ADF87C20BDF808
:102C40007C20A0F88020ADF87CC0BDF87C20ADF8D9
:102C50007C20BDF87C20A0F880203222ADF87C20BA
:102C6000BDF87C30ADF87C30BDF87C30A0F8803009
:102C7000ADF87CC0BDF87C30ADF87C30BDF87C3060
:102C8000A0F880302F23ADF87C30BDF87C70ADF813
:102C90007C70BDF87C70A0F88070ADF87CC0BDF889
:102CA0007C70ADF87C70BDF87C70A0F880702C272B
:102CB000ADF87C70BDF87C70ADF87C70BDF87C70B0
:102CC000A0F88070ADF87CC0BDF87C70ADF87C7069
:102CD000BDF87C70A0F880702927ADF87C70BDF835
:102CE0007C80ADF87C80BDF87C80A0F88080ADF859
:102CF0007CC0BDF87C80ADF87C80BDF87C80A0F8FD
:102D000080804FF0260AADF87CA0BDF87C80ADF83D
:102D10007C80BDF87C80A0F88080ADF87CC0BDF8D8
:102D20007C80ADF87C80BDF87C80A0F88080ADF818
:102D30007C10BDF87C80ADF87C80BDF87C80A0F86C
:102D40008080ADF87CC0BDF87C80ADF87C80BDF89B
:102D50007C80A0F88080ADF87C10BDF87C80ADF858
:102D60007C80BDF87C80A0F88080ADF87CC0BDF888
:102D70007C80ADF87C80BDF87C80A0F880804FF02E
:102D80002308ADF87C80BDF87C90ADF87C90BDF850
:102D90007C90A0F88090ADF87CC0BDF87C90ADF838
:102DA0007C90BDF87C90A0F880904FF03C09ADF885
:102DB0007C90BDF87C90ADF87C90BDF87C90A0F83C
:102DC0008090ADF87CC0BDF87C90ADF87C90BDF8EB
:102DD0007C90A0F88090ADF87CE0BDF87C90ADF8D8
:102DE0007C90BDF87C90A0F88090ADF87CC0BDF8D8
:102DF0007C90ADF87C90BDF87C90A0F88090ADF808
:102E00007C20BDF87C90ADF87C90BDF87C90A0F85B
:102E10008090ADF87CC0BDF87C90ADF87C90BDF89A
:102E20007C90A0F88090ADF87C30BDF87C30ADF897
:102E30007C30BDF87C30A0F88030ADF87CC0BDF8A7
:102E40007C30ADF87C30BDF87C30A0F880302C238D
:102E5000ADF87C30BDF87C30ADF87C30BDF87C300E
:102E6000A0F88030ADF87CC0BDF87C30ADF87C3087
:102E7000BDF87C30A0F88030ADF87C70BDF87C30B7
:102E8000ADF87C30BDF87C30A0F88030ADF87CC067
:102E9000BDF87C30ADF87C30BDF87C30A0F88030D7
:102EA000ADF87CA0BDF87C30ADF87C30BDF87C304E
:102EB000A0F88030ADF87CC0BDF87C30ADF87C3037
:102EC000BDF87C30A0F88030ADF87C10BDF87C30C7
:102ED000ADF87C30BDF87C30A0F88030ADF87CC017
:102EE000BDF87C30ADF87C30BDF87C30A0F8803087
:102EF000ADF87C10BDF87C10ADF87C10BDF87C10EE
:102F0000A0F88010ADF87CC0BDF87C10ADF87C1046
:102F1000BDF87C10A0F880102321ADF87C10BDF81E
:102F20007C10ADF87C10BDF87C10A0F88010ADF8D6
:102F30007CC0BDF87C10ADF87C10BDF87C10A0F80A
:102F40008010C421ADF87C10BDF87C30ADF87C3029
:102F5000BDF87C30A0F87E306223ADF87C30BDF83F
:102F60007C30ADF87C30BDF87C30A0F88030ADF816
:102F70007CC0BDF87C30ADF87C30BDF87C30A0F86A
:102F800080300523ADF87C30BDF87C30ADF87C3066
:102F9000BDF87C30A0F88030ADF87CC0BDF87C3046
:102FA000ADF87C30BDF87C30A0F880308423ADF8DB
:102FB0007C30BDF87C30ADF87C30BDF87C30A0F8BA
:102FC0008030ADF87CC0BDF87C30ADF87C30BDF809
:102FD0007C30A0F88030F023ADF87C30BDF87C3038
:102FE000ADF87C30BDF87C30A0F88030ADF87CC006
:102FF000BDF87C30ADF87C30BDF87C30A0F8803076
:103000001823ADF87C30BDF87C30ADF87C30BDF8CD
:103010007C30A0F88030ADF87CC0BDF87C30ADF8D5
:103020007C30BDF87C30A0F88030A423ADF87C3033
:10303000BDF87C30ADF87C30BDF87C30A0F8803035
:10304000ADF87CC0BDF87C30ADF87C30BDF87C308C
:10305000A0F880301823ADF87C30BDF87C30ADF896
:103060007C30BDF87C30A0F88030ADF87CC0BDF875
:103070007C30ADF87C30BDF87C30A0F88030502337
:10308000ADF87C30BDF87C30ADF87C30BDF87C30DC
:10309000A0F88030ADF87CC0BDF87C30ADF87C3055
:1030A000BDF87C30A0F880300C23ADF87C30BDF842
:1030B0007C30ADF87C30BDF87C30A0F88030ADF8C5
:1030C0007CC0BDF87C30ADF87C30BDF87C30A0F819
:1030D00080301723ADF87C30BDF87C70ADF87C7083
:1030E000BDF87C70A0F88070ADF87CC0BDF87C7035
:1030F000ADF87C70BDF87C70A0F880709527ADF8B5
:103100007C70BDF87C70ADF87C70BDF87C70A0F868
:103110008070ADF87CC0BDF87C70ADF87C70BDF8F7
:103120007C70A0F880704FF0F309ADF87C90BDF88A
:103130007C70ADF87C70BDF87C70A0F88070ADF844
:103140007CC0BDF87C70ADF87C70BDF87C70A0F8D8
:103150008070E627ADF87C70BDF87C70ADF87C70AF
:10316000BDF87C70A0F88070ADF87CC0BDF87C70B4
:10317000ADF87C70BDF87C70A0F88070C527ADF804
:103180007C70BDF87C70ADF87C70BDF87C70A0F8E8
:103190007E70ADF87C20BDF87C20ADF87C20BDF8B9
:1031A0007C20A0F88020ADF87CC0BDF87C20ADF874
:1031B0007C20BDF87C20A0F880204422ADF87C2043
:1031C000BDF87C20ADF87C20BDF87C20A0F88020E4
:1031D000ADF87CC0BDF87C20ADF87C20BDF87C202B
:1031E000A0F880206522ADF87C20BDF87C20ADF8E9
:1031F0007C20BDF87C20A0F88020ADF87CC0BDF814
:103200007C20ADF87C20BDF87C20A0F880207622C0
:10321000ADF87C20BDF87C20ADF87C20BDF87C208A
:10322000A0F88020ADF87CC0BDF87C20ADF87C20F3
:10323000BDF87C20A0F880208822ADF87C20BDF865
:103240007C20ADF87C20BDF87C20A0F88020ADF873
:103250007CC0BDF87C20ADF87C20BDF87C20A0F8B7
:103260008020C622ADF87C20BDF87C20ADF87C2003
:10327000BDF87C20A0F87E202022ADF87C20BDF88F
:103280007C20ADF87C20BDF87C20A0F88020ADF833
:103290007CC0BDF87C20ADF87C20BDF87C20A0F877
:1032A0008020ADF87C30BDF87C20ADF87C20BDF8E6
:1032B0007C20A0F88020ADF87CC0BDF87C20ADF863
:1032C0007C20BDF87C20A0F88020ADF87C50BDF8B3
:1032D0007C20ADF87C20BDF87C20A0F880206746DB
:1032E000ADF87CC0BDF87C20ADF87C20BDF87C201A
:1032F000A0F88020C722ADF87C20BDF87C20ADF876
:103300007C20BDF87C20A0F87E20ADF87CC0BDF804
:103310007C20ADF87C20BDF87C20A0F88020ADF8A2
:103320007C70BDF87C20ADF87C20BDF87C20A0F836
:103330008020ADF87C70BDF87C20ADF87C20BDF815
:103340007C20A0F88020ADF87C70BDF87C20ADF822
:103350007C20BDF87C20A0F88020C822ADF87C201D
:10336000BDF87C20ADF87C20BDF87C20A0F87E2044
:10337000ADF87C70BDF87C20ADF87C20BDF87C20D9
:10338000A0F88020ADF87C70BDF87C20ADF87C20E2
:10339000BDF87C20A0F88020ADF87C70BDF87C20C2
:1033A000ADF87C20BDF87C20A0F88020ADF87C70C2
:1033B000BDF87C20ADF87C20BDF87C20A0F88020F2
:1033C000C922ADF87C20BDF87C20ADF87C20BDF88A
:1033D0007C20A0F87E20ADF87C70BDF87C20ADF894
:1033E0007C20BDF87C20A0F88020ADF87C70BDF872
:1033F0007C20ADF87C20BDF87C20A0F88020ADF8C2
:103400007C70BDF87C20ADF87C20BDF87C20A0F855
:103410008020ADF87C70BDF87C20ADF87C20BDF834
:103420007C20A0F88020ADF87C70BDF87C20ADF841
:103430007C20BDF87C20A0F88020ADF87C70BDF821
:103440007C20ADF87C20BDF87C20A0F88020ADF871
:103450007C70BDF87C20ADF87C20BDF87C20A0F805
:103460008020ADF87C70BDF87C20ADF87C20BDF8E4
:103470007C20A0F88020ADF87C70BDF87C20ADF8F1
:103480007C20BDF87C20A0F88020ADF87C70BDF8D1
:103490007C20ADF87C20BDF87C20A0F88020ADF821
:1034A0007C70BDF87C20ADF87C20BDF87C20A0F8B5
:1034B0008020ADF87C70BDF87C20ADF87C20BDF894
:1034C0007C20A0F88020ADF87C70BDF87C20ADF8A1
:1034D0007C20BDF87C20A0F88020ADF87C70BDF881
:1034E0007C20ADF87C20BDF87C20A0F88020ADF8D1
:1034F0007C70BDF87C20ADF87C20BDF87C20A0F865
:103500008020ADF87C70BDF87C20ADF87C20BDF843
:103510007C20A0F88020ADF87C60BDF87C20ADF860
:103520007C20BDF87C20A0F87E204FF01608ADF876
:103530007C80BDF87C20ADF87C20BDF87C20A0F814
:103540008020ADF87C70BDF87C20ADF87C20BDF803
:103550007C20A0F880201C22ADF87C20BDF87C30B7
:10356000ADF87C30BDF87C30A0F88030ADF87C70D0
:10357000BDF87C30ADF87C30BDF87C30A0F88030F0
:103580002123ADF87C30BDF87C30ADF87C30BDF83F
:103590007C30A0F88030ADF87C70BDF87C30ADF8A0
:1035A0007C30BDF87C30A0F880303623ADF87C301C
:1035B000BDF87C30ADF87C30BDF87C30A0F88030B0
:1035C000ADF87C70BDF87C30ADF87C30BDF87C3057
:1035D000A0F880304623ADF87C30BDF87C30ADF8E3
:1035E0007C30BDF87C30A0F88030ADF87C70BDF840
:1035F0007C30ADF87C30BDF87C30A0F880305223B0
:10360000ADF87C30BDF87C30ADF87C30BDF87C3056
:10361000A0F88030ADF87C70BDF87C30ADF87C301F
:10362000BDF87C30A0F880306423ADF87C30BDF864
:103630007CC0ADF87CC0BDF87CC0A0F880C0ADF8FF
:103640007C70BDF87CC0ADF87CC0BDF87CC0A0F833
:1036500080C04FF07A0CADF87CC0BDF87CC0ADF8EE
:103660007CC0BDF87CC0A0F880C0ADF87C70BDF80F
:103670007CC0ADF87CC0BDF87CC0A0F880C04FF025
:103680008B0AADF87CA0BDF87CC0ADF87CC0BDF85D
:103690007CC0A0F880C0ADF87C70BDF87CC0ADF8EF
:1036A0007CC0BDF87CC0A0F880C04FF0990CADF88C
:1036B0007CC0BDF87CC0ADF87CC0BDF87CC0A0F873
:1036C00080C0ADF87C70BDF87CC0ADF87CC0BDF8A2
:1036D0007CC0A0F880C04FF0A80CADF87CC0BDF84D
:1036E0007CC0ADF87CC0BDF87CC0A0F880C0ADF84F
:1036F0007C70BDF87CC0ADF87CC0BDF87CC0A0F883
:1037000080C04FF0B90CADF87CC0BDF87CC0ADF8FE
:103710007CC0BDF87CC0A0F880C0ADF87C70BDF85E
:103720007CC0ADF87CC0BDF87CC0A0F880C08C46E1
:10373000ADF87CC0BDF87C10ADF87C10BDF87C10F5
:10374000A0F88010ADF87C70BDF87C10ADF87C104E
:10375000BDF87C10A0F88010CA21ADF87C10BDF82F
:103760007C10ADF87C10BDF87C10A0F88010ADF88E
:103770007C70BDF87C10ADF87C10BDF87C10A0F812
:1037800080104FF0D20EADF87CE0BDF87C10ADF8A3
:103790007C10BDF87C10A0F88010ADF87C70BDF8EE
:1037A0007C10ADF87C10BDF87C10A0F88010D921F9
:1037B000ADF87C10BDF87C10ADF87C10BDF87C1025
:1037C000A0F88010ADF87C70BDF87C10ADF87C10CE
:1037D000BDF87C10A0F88010ADF87C60BDF87C10BE
:1037E000ADF87C10BDF87C10A0F88010ADF87C70AE
:1037F000BDF87C10ADF87C10BDF87C10A0F88010EE
:103800004946ADF87C90BDF87C90ADF87C90BDF851
:103810007C90A0F88090ADF87C70BDF87C90ADF8FD
:103820007C90BDF87C90A0F880904FF0E109ADF855
:103830007C90BDF87C90ADF87C90BDF87C90A0F8B1
:103840007E90ADF87C80BDF87C80ADF87C80BDF8C2
:103850007C80A0F88080ADF87C70BDF87C80ADF8ED
:103860007C80BDF87C80A0F88080ADF87C20BDF81D
:103870007C20ADF87C20BDF87C20A0F88020ADF83D
:103880007C70BDF87C20ADF87C20BDF87C20A0F8D1
:1038900080202222ADF87C20BDF87C20ADF87C2071
:1038A000BDF87C20A0F88020ADF87C70BDF87C20AD
:1038B000ADF87C20BDF87C20A0F880203622ADF841
:1038C0007C20BDF87C20ADF87C20BDF87C20A0F8E1
:1038D0008020ADF87C70BDF87C20ADF87C20BDF870
:1038E0007C20A0F880204522ADF87C20BDF87C200B
:1038F000ADF87C20BDF87C20A0F88020ADF87C706D
:10390000BDF87C20ADF87C20BDF87C20A0F880209C
:103910005222ADF87C20BDF87C20ADF87C20BDF8AB
:103920007C20A0F88020ADF87C70BDF87C20ADF83C
:103930007C20BDF87C20A0F88020ADF87C30BDF85C
:103940007C20ADF87C20BDF87C20A0F88020ADF86C
:103950007C70BDF87C20ADF87C20BDF87C20A0F800
:1039600080207A22ADF87C20BDF87C20ADF87C2048
:10397000BDF87C20A0F88020ADF87C70BDF87C20DC
:10398000ADF87C20BDF87C20A0F88020ADF87CA0AC
:10399000BDF87C20ADF87C20BDF87C20A0F880200C
:1039A000ADF87C70BDF87C20ADF87C20BDF87C20A3
:1039B000A0F880209922ADF87C20BDF87C20ADF8DD
:1039C0007C20BDF87C20A0F88020ADF87C70BDF88C
:1039D0007C20ADF87C20BDF87C20A0F88020A822B7
:1039E000ADF87C20BDF87C20ADF87C20BDF87C20B3
:1039F000A0F88020ADF87C70BDF87C20ADF87C206C
:103A0000BDF87C20A0F88020B922ADF87C20BDF85C
:103A10007C20ADF87C20BDF87C20A0F88020ADF89B
:103A20007C70BDF87C20ADF87C20BDF87C20A0F82F
:103A30008020ADF87CC0BDF87C20ADF87C20BDF8BE
:103A40007C20A0F88020ADF87C70BDF87C20ADF81B
:103A50007C20BDF87C20A0F88020CA22ADF87C2014
:103A6000BDF87C20ADF87C20BDF87C20A0F880203B
:103A7000ADF87C70BDF87C20ADF87C20BDF87C20D2
:103A8000A0F88020ADF87CE0BDF87C20ADF87C206B
:103A9000BDF87C20A0F880200022ADF87C20BDF885
:103AA0007C20ADF87C20BDF87C20A0F88020D822B6
:103AB000ADF87C20BDF87C20ADF87C20BDF87C20E2
:103AC000A0F880200022ADF87C20BDF87C20ADF865
:103AD0007C20BDF87C20A0F88020ADF87C60BDF88B
:103AE0007C20ADF87C20BDF87C20A0F8802000224E
:103AF000ADF87C20BDF87C20ADF87C20BDF87C20A2
:103B0000A0F88020ADF87C10BDF87C20ADF87C20BA
:103B1000BDF87C20A0F880200022ADF87C20BDF804
:103B20007C20ADF87C20BDF87C20A0F88020E2222B
:103B3000ADF87C20BDF87C20ADF87C20BDF87C2061
:103B4000A0F87E200523ADF87C30BDF87C20ADF8D0
:103B50007C20BDF87C20A0F880200022ADF87C20DD
:103B6000BDF87C20ADF87C20BDF87C20A0F880203A
:103B70000B22ADF87C20BDF87C20ADF87C20BDF890
:103B80007C20A0F880200022ADF87C20BDF87C20AD
:103B9000ADF87C20BDF87C20A0F880201B22ADF879
:103BA0007C20BDF87C20ADF87C20BDF87C20A0F8FE
:103BB00080200022ADF87C20BDF87C20ADF87C2070
:103BC000BDF87C20A0F880203422ADF87C20BDF820
:103BD0007C20ADF87C20BDF87C20A0F8802000225D
:103BE000ADF87C20BDF87C20ADF87C20BDF87C20B1
:103BF000A0F880204422ADF87C20BDF87C20ADF8F0
:103C00007C20BDF87C20A0F880200022ADF87C202C
:103C1000BDF87C20ADF87C20BDF87C20A0F8802089
:103C20004F22ADF87C20BDF87C20ADF87C20BDF89B
:103C30007C20A0F880200022ADF87C20BDF87C20FC
:103C4000ADF87C20BDF87C20A0F880206122ADF882
:103C50007C20BDF87C20ADF87C20BDF87C20A0F84D
:103C600080200022ADF87C20BDF87C20ADF87C20BF
:103C7000BDF87C20A0F880207922ADF87C20BDF82A
:103C80007C20ADF87C20BDF87C20A0F880200022AC
:103C9000ADF87C20BDF87C20ADF87C20BDF87C2000
:103CA000A0F880208822ADF87C20BDF87CC0ADF85B
:103CB0007CC0BDF87CC0A0F880C04FF0000CADF80F
:103CC0007CC0BDF87CC0ADF87CC0BDF87CC0A0F85D
:103CD00080C04FF0970CADF87CC0BDF87CC0ADF84B
:103CE0007CC0BDF87CC0A0F880C04FF0000CADF8DF
:103CF0007CC0BDF87CC0ADF87CC0BDF87CC0A0F82D
:103D000080C04FF0A60CADF87CC0BDF87CC0ADF80B
:103D10007CC0BDF87CC0A0F880C04FF0000CADF8AE
:103D20007CC0BDF87CC0ADF87CC0BDF87CC0A0F8FC
:103D300080C04FF0B70AADF87CA0BDF87CC0ADF8EC
:103D40007CC0BDF87CC0A0F880C04FF0000CADF87E
:103D50007CC0BDF87CC0ADF87CC0BDF87CC0A0F8CC
:103D600080C04FF0C20CADF87CC0BDF87C60ADF8EF
:103D70007C60BDF87C60A0F880600026ADF87C60B7
:103D8000BDF87C60ADF87C60BDF87C60A0F8806018
:103D9000C726ADF87C60BDF87C80ADF87C80BDF8AE
:103DA0007C80A0F880804FF00008ADF87C80BDF8E2
:103DB0007C80ADF87C80BDF87C80A0F880804FF0DE
:103DC000D108ADF87C80BDF87C90ADF87C90BDF852
:103DD0007C90A0F880904FF00009ADF87C90BDF881
:103DE0007C90ADF87C90BDF87C90A0F880904FF06E
:103DF000D609ADF87C90BDF87C90ADF87C90BDF80C
:103E00007C90A0F880904FF00009ADF87C90BDF850
:103E10007C90ADF87C90BDF87C90A0F880904FF03D
:103E2000DD09ADF87C90BDF87C90ADF87C90BDF8D4
:103E30007C90A0F880904FF00009ADF87C90BDF820
:103E40007C90ADF87C90BDF87C90A0F88090ADF8A7
:103E50007C10BDF87C90ADF87C90BDF87C90A0F80B
:103E600080904FF00009ADF87C90BDF87C90ADF8E3
:103E70007C90BDF87C90A0F880904FF0E309ADF8FD
:103E80007C90BDF87C90ADF87C90BDF87C90A0F85B
:103E90007E90ADF87C30BDF87C30ADF87C30BDF85C
:103EA0007C30A0F88030ADF87C70BDF87C30ADF887
:103EB0007C30BDF87C30A0F880300A23ADF87C302F
:103EC000BDF87C30ADF87C30BDF87C30A0F8803097
:103ED000ADF87C70BDF87C30ADF87C30BDF87C303E
:103EE000A0F880301C23ADF87C30BDF87C30ADF8F4
:103EF0007C30BDF87C30A0F88030ADF87C70BDF827
:103F00007C30ADF87C30BDF87C30A0F880303323B5
:103F1000ADF87C30BDF87C30ADF87C30BDF87C303D
:103F2000A0F88030ADF87C70BDF87C30ADF87C3006
:103F3000BDF87C30A0F880304423ADF87C30BDF86B
:103F40007C30ADF87C30BDF87C30A0F88030ADF826
:103F50007C70BDF87C30ADF87C30BDF87C30A0F8CA
:103F600080305023ADF87C30BDF87C30ADF87C302B
:103F7000BDF87C30A0F88030ADF87C70BDF87C30A6
:103F8000ADF87C30BDF87C30A0F880306223ADF80D
:103F90007C30BDF87C30ADF87C30BDF87C30A0F8CA
:103FA0008030ADF87C70BDF87C30ADF87C30BDF869
:103FB0007C30A0F880307823ADF87C30BDF87C30C0
:103FC000ADF87C30BDF87C30A0F88030ADF87C7066
:103FD000BDF87C30ADF87C30BDF87C30A0F8803086
:103FE000ADF87C20BDF87C30ADF87C30BDF87C307D
:103FF000A0F88030ADF87C70BDF87C30ADF87C3036
:10400000BDF87C30A0F880309723ADF87C30BDF847
:104010007C30ADF87C30BDF87C30A0F88030ADF855
:104020007C70BDF87C30ADF87C30BDF87C30A0F8F9
:104030008030A623ADF87C30BDF87C30ADF87C3004
:10404000BDF87C30A0F88030ADF87C70BDF87C30D5
:10405000ADF87C30BDF87C30A0F88030ADF87CA0A5
:10406000BDF87C30ADF87C30BDF87C30A0F88030F5
:10407000ADF87C70BDF87C30ADF87C30BDF87C309C
:10408000A0F88030ADF87CC0BDF87C30ADF87C3055
:10409000BDF87C30A0F88030ADF87C70BDF87C3085
:1040A000ADF87C30BDF87C30A0F88030ADF87C6095
:1040B000BDF87C30ADF87C30BDF87C30A0F88030A5
:1040C000ADF87C70BDF87C30ADF87C30BDF87C304C
:1040D000A0F88030ADF87C80BDF87C30ADF87C3045
:1040E000BDF87C30A0F88030ADF87C70BDF87C3035
:1040F000ADF87C30BDF87C30A0F88030D523ADF829
:104100007C30BDF87C30ADF87C30BDF87C30A0F858
:104110008030ADF87C70BDF87C30ADF87C30BDF8F7
:104120007C30A0F88030DD23ADF87C30BDF87CC059
:10413000ADF87CC0BDF87CC0A0F880C0ADF87C7044
:10414000BDF87CC0ADF87CC0BDF87CC0A0F880C0D4
:10415000ADF87C10BDF87CC0ADF87CC0BDF87CC06B
:10416000A0F880C0ADF87C70BDF87CC0ADF87CC014
:10417000BDF87CC0A0F880C04FF0E40CADF87CC066
:10418000BDF87CC0ADF87CC0BDF87CC0A0F87EC096
:10419000ADF87C50BDF87CC0ADF87CC0BDF87CC0EB
:1041A000A0F880C0ADF87C70BDF87CC0ADF87CC0D4
:1041B000BDF87CC0A0F880C0ADF87C50BDF87CC0D4
:1041C000ADF87CC0BDF87CC0A0F880C0ADF87C70B4
:1041D000BDF87CC0ADF87CC0BDF87CC0A0F880C044
:1041E0004FF0020CADF87CC0BDF87C60ADF87C608F
:1041F000BDF87C60A0F88060ADF87C70BDF87C6094
:10420000ADF87C60BDF87C60A0F880602A26ADF82F
:104210007C60BDF87C60ADF87C60BDF87C60A0F887
:104220008060ADF87C70BDF87C60ADF87C60BDF856
:104230007C60A0F880604FF03C0EADF87CE0BDF8EB
:104240007C60ADF87C60BDF87C60A0F88060ADF863
:104250007C70BDF87C60ADF87C60BDF87C60A0F837
:1042600080604B26ADF87C60BDF87C60ADF87C606A
:10427000BDF87C60A4F88060ADF87C70BDF87C006F
:10428000ADF87C00BDF87C00A4F880005D20ADF89E
:104290007C00BDF87C00ADF87C00BDF87C00A4F883
:1042A00080000020ADF87C00BDF87C00ADF87C00FB
:1042B000BDF87C00A4F880007420ADF87C00BDF847
:1042C0007C00ADF87C00BDF87C00A4F880000020E4
:1042D000ADF87C00BDF87C00ADF87C00BDF87C003A
:1042E000A4F880008420ADF87C00BDF87C60ADF8B7
:1042F0007C60BDF87C60A4F880600026ADF87C602E
:10430000BDF87C60ADF87C60BDF87C60A4F880608E
:104310009326ADF87C60BDF87C60ADF87C60BDF89C
:104320007C60A4F880600026ADF87C60BDF87C60FD
:10433000ADF87C60BDF87C60A4F880604FF0A20A04
:10434000ADF87CA0BDF87C60ADF87C60BDF87C6009
:10435000A4F880600026ADF87C60BDF87C60ADF804
:104360007C60BDF87C60A4F88060B326ADF87C600A
:10437000BDF87C80ADF87C80BDF87C80A4F880809E
:104380004FF00008ADF87C80BDF87C80ADF87C80F3
:10439000BDF87C80A4F880804FF0BE08ADF87C802A
:1043A000BDF87C80ADF87C80BDF87C80A4F880806E
:1043B0004FF00008ADF87C80BDF87C80ADF87C80C3
:1043C000BDF87C80A4F880804FF0C408ADF87C80F4
:1043D000BDF87C90ADF87C90BDF87C90A4F88090FE
:1043E0004FF00009ADF87C90BDF87C90ADF87C9062
:1043F000BDF87C90A4F880904FF0CD09ADF87C908A
:10440000BDF87C90ADF87C90BDF87C90A4F88090CD
:104410004FF00009ADF87C90BDF87C90ADF87C9031
:10442000BDF87C90A4F880904FF0D309ADF87C9053
:10443000BDF87C90ADF87C90BDF87C90A4F880909D
:104440004FF00009ADF87C90BDF87C90ADF87C9001
:10445000BDF87C90A4F88090ADF87C30BDF87C303D
:10446000ADF87C30BDF87C30A4F880300023ADF886
:104470007C30BDF87C30ADF87C30BDF87C30A4F8E1
:104480008030ADF87C10BDF87C30ADF87C30BDF8E4
:104490007C30A4F880300023ADF87C30BDF87C304F
:1044A000ADF87C30BDF87C30A4F88030E523ADF861
:1044B0007C30BDF87C30ADF87C30BDF87C30A4F8A1
:1044C0007E300023ADF87C30BDF87C30ADF87C3018
:1044D000BDF87C30A4F880300023ADF87C30BDF806
:1044E0007C30ADF87C30BDF87C30A4F880300023FF
:1044F000ADF87C30BDF87C30ADF87C30BDF87C3058
:10450000A4F880300023ADF87C30BDF87C30ADF8E5
:104510007C30BDF87C30A4F88030ADF87CC0BDF8AC
:104520007C30ADF87C30BDF87C30A4F880300023BE
:10453000ADF87C30BDF87C30ADF87C30BDF87C3017
:10454000A4F880302923ADF87C30BDF87C30ADF87C
:104550007C30BDF87C30A4F880300023ADF87C308E
:10456000BDF87C30ADF87C30BDF87C30A4F88030EC
:10457000ADF87CE0BDF87C30ADF87C30BDF87C3027
:10458000A4F880300023ADF87C30BDF87C30ADF865
:104590007C30BDF87C30A4F880304B23ADF87C3003
:1045A000BDF87C30ADF87C30BDF87C30A4F88030AC
:1045B0000023ADF87C30BDF87C30ADF87C30BDF820
:1045C0007C30A4F880305D23ADF87C30BDF87C30C1
:1045D000ADF87C30BDF87C30A4F880300023ADF815
:1045E0007C30BDF87C30ADF87C30BDF87C30A4F870
:1045F00080307423ADF87C30BDF87C30ADF87C3071
:10460000BDF87C30A4F880300023ADF87C30BDF8D4
:104610007C30ADF87C30BDF87C30A4F88030ADF84B
:104620007C00BDF87C00ADF87C00BDF87C00A4F8EF
:1046300080000020ADF87C00BDF87C00ADF87C0067
:10464000BDF87C00A4F880009320ADF87C00BDF894
:104650007C00ADF87C00BDF87C00A4F88000002050
:10466000ADF87C00BDF87C00ADF87C00BDF87C00A6
:10467000A4F88000ADF87CA0BDF87C00ADF87C000B
:10468000BDF87C00A4F88000ADF87C70BDF87C001B
:10469000ADF87C00BDF87C00A4F88000ADF87C602B
:1046A000BDF87C00ADF87C00BDF87C00A4F880006B
:1046B000ADF87C70BDF87C00ADF87C00BDF87C00E6
:1046C000A4F88000BE20ADF87C00BDF87C00ADF8F9
:1046D0007C00BDF87C00A4F88000ADF87C70BDF8CB
:1046E0007C00ADF87C00BDF87C00A4F88000ADF83B
:1046F0007C80BDF87C00ADF87C00BDF87C00A4F89F
:104700008000ADF87C70BDF87C00ADF87C00BDF891
:104710007C00A4F88000CD20ADF87C00BDF87C00C2
:10472000ADF87C00BDF87C00A4F88000ADF87C708A
:10473000BDF87C00ADF87C00BDF87C00A4F88000DA
:10474000D320ADF87C00BDF87C00ADF87C00BDF84E
:104750007C00A4F88000ADF87C70BDF87C00ADF85A
:104760007C00BDF87C00A4F88000DC20ADF87C0063
:10477000BDF87C00ADF87C00BDF87C00A4F880009A
:10478000ADF87C70BDF87C00ADF87C00BDF87C0015
:10479000A4F88000F320ADF87C00BDF87C00ADF8F3
:1047A0007C00BDF87C00A4F88000ADF87C70BDF8FA
:1047B0007C00ADF87C00BDF87C00A4F88000E62009
:1047C000ADF87C00BDF87C00ADF87C00BDF87C0045
:1047D000A4F87E001120ADF87C00BDF87C00ADF897
:1047E0007C00BDF87C00A4F88000ADF87C70BDF8BA
:1047F0007C00ADF87C00BDF87C00A4F8800034207B
:10480000ADF87C00BDF87C00ADF87C00BDF87C0004
:10481000A4F88000ADF87C70BDF87C00ADF87C0099
:10482000BDF87C00A4F880005620ADF87C00BDF8EF
:104830007C00ADF87C00BDF87C00A4F88000ADF8E9
:104840007C70BDF87C00ADF87C00BDF87C00A4F85D
:1048500080004FF07609ADF87C90BDF87C00ADF893
:104860007C00BDF87C00A4F88000ADF87C70BDF839
:104870007C00ADF87C00BDF87C00A4F880004FF00F
:10488000770CADF87CC0BDF87C00ADF87C00BDF8BD
:104890007C00A4F88000ADF87C70BDF87C00ADF819
:1048A0007C00BDF87C00A4F880006621ADF87C1087
:1048B000BDF87C00ADF87C00BDF87C00A4F8800059
:1048C000ADF87C70BDF87C00ADF87C00BDF87C00D4
:1048D000A4F88000ADF87C20BDF87C00ADF87C0029
:1048E000BDF87C00A4F88000ADF87C70BDF87C00B9
:1048F000ADF87C00BDF87C00A4F880009920ADF8EC
:104900007C00BDF87C30ADF87C30BDF87C30A4F87C
:104910008030ADF87C70BDF87C30ADF87C30BDF8EF
:104920007C30A4F880304FF0BB08ADF87C80BDF837
:104930007C30ADF87C30BDF87C30A4F88030ADF828
:104940007C70BDF87C30ADF87C30BDF87C30A4F8CC
:104950008030ADF87C00BDF87C30ADF87C30BDF81F
:104960007C30A4F88030ADF87C70BDF87C30ADF8B8
:104970007C30BDF87C30A4F88030ADF87C10BDF8F8
:104980007C30ADF87C30BDF87C30A4F88030ADF8D8
:104990007C70BDF87C30ADF87C30BDF87C30A4F87C
:1049A00080305526ADF87C60BDF87C30ADF87C30A9
:1049B000BDF87C30A4F88030ADF87C70BDF87C3058
:1049C000ADF87C30BDF87C30A4F88030ADF87C6068
:1049D000BDF87C30ADF87C30BDF87C30A4F8803078
:1049E000ADF87C70BDF87C30ADF87C30BDF87C3023
:1049F000A4F880304FF0450EADF87CE0BDF87C3077
:104A0000ADF87C30BDF87C30A4F88030ADF87C7017
:104A1000BDF87C30ADF87C30BDF87C30A4F8803037
:104A20004323ADF87C30BDF87C30ADF87C30BDF868
:104A30007C30A4F88030ADF87C70BDF87C30ADF8E7
:104A40007C30BDF87C30A4F880304423ADF87C3055
:104A5000BDF87CA0ADF87CA0BDF87CA0A4F880A037
:104A6000ADF87C70BDF87CA0ADF87CA0BDF87CA052
:104A7000A4F880A04FF0E70AADF87CA0BDF87CA0B8
:104A8000ADF87CA0BDF87CA0A4F87EA04FF0320A5F
:104A9000ADF87CA0BDF87CA0ADF87CA0BDF87CA0F2
:104AA000A4F880A0ADF87C70BDF87CA0ADF87CA027
:104AB000BDF87CA0A4F880A0ADF87C60BDF87CA017
:104AC000ADF87CA0BDF87CA0A4F880A0ADF87C7007
:104AD000BDF87CA0ADF87CA0BDF87CA0A4F880A0B7
:104AE000ADF87C90BDF87C90ADF87C90BDF87C90E2
:104AF000A4F88090ADF87C70BDF87C90ADF87C9007
:104B0000BDF87C90A4F88090ADF87C10BDF87C9046
:104B1000ADF87C90BDF87C90A4F88090ADF87C70E6
:104B2000BDF87C90ADF87C90BDF87C90A4F88090A6
:104B30004FF06709ADF87C90BDF87CA0ADF87CA083
:104B4000BDF87CA0A4F880A0ADF87C70BDF87CA076
:104B5000ADF87CA0BDF87CA0A4F880A0ADF87C9056
:104B6000BDF87C90ADF87C90BDF87C90A4F8809066
:104B7000ADF87C70BDF87C90ADF87C90BDF87C9071
:104B8000A4F880904FF0870AADF87CA0BDF87C9027
:104B9000ADF87C90BDF87C90A4F88090ADF87C7066
:104BA000BDF87C90ADF87C90BDF87C90A4F8809026
:104BB000ADF87C00BDF87C90ADF87C90BDF87C90A1
:104BC000A4F88090ADF87C70BDF87C90ADF87C9036
:104BD000BDF87C90A4F88090C146ADF87C80BDF80B
:104BE0007C80ADF87C80BDF87C80A4F88080ADF836
:104BF0007C70BDF87C80ADF87C80BDF87C80A4F82A
:104C00008080ADF87C00BDF87C80ADF87C80BDF87C
:104C10007C80A4F88080ADF87C70BDF87C80ADF815
:104C20007C80BDF87C80A4F88080ADF87CC0BDF8A5
:104C30007C80ADF87C80BDF87C80A4F88080ADF8E5
:104C40007C70BDF87C80ADF87C80BDF87C80A4F8D9
:104C50008080ADF87C30BDF87C80ADF87C80BDF8FC
:104C60007C80A4F88080ADF87C70BDF87C80ADF8C5
:104C70007C80BDF87C80A4F880804FF05608ADF8A9
:104C80007C80BDF87C80ADF87C80BDF87C80A4F889
:104C90008080ADF87C70BDF87C80ADF87C80BDF87C
:104CA0007C80A4F880804FF02308ADF87C80BDF8AC
:104CB0007C80ADF87C80BDF87C80A4F88080ADF865
:104CC0007C70BDF87C80ADF87C80BDF87C80A4F859
:104CD00080804FF03308ADF87C80BDF87C80ADF863
:104CE0007C80BDF87C80A4F88080ADF87C70BDF835
:104CF0007C80ADF87C80BDF87C80A4F88080ADF825
:104D00007CE0BDF87C80ADF87C80BDF87C80A4F8A8
:104D10008080ADF87C70BDF87C80ADF87C80BDF8FB
:104D20007C80A4F880804FF0E808ADF87C80BDF866
:104D30007C80ADF87C80BDF87C80A4F87E80ADF8E6
:104D40007C70BDF87C80ADF87C80BDF87C80A4F8D8
:104D50008080ADF87C70BDF87C80ADF87C80BDF8BB
:104D60007C80A4F88080ADF87C00BDF87C80ADF834
:104D70007C80BDF87C80A4F88080ADF87C70BDF8A4
:104D80007C80ADF87C80BDF87C80A4F88080ADF894
:104D90007CA0BDF87C80ADF87C80BDF87C80A4F858
:104DA0008080ADF87C70BDF87C80ADF87C80BDF86B
:104DB0007C80A4F88080ADF87C20BDF87C80ADF8C4
:104DC0007C80BDF87C80A4F88080ADF87C70BDF854
:104DD0007C80ADF87C80BDF87C80A4F88080ADF844
:104DE0007CC0BDF87CC0ADF87CC0BDF87CC0A4F828
:104DF00080C0ADF87C70BDF87CC0ADF87CC0BDF85B
:104E00007CC0A4F880C0ADF87C10BDF87CC0ADF8C3
:104E10007CC0BDF87CC0A4F880C0ADF87C70BDF843
:104E20007CC0ADF87CC0BDF87CC0A4F880C0ADF8F3
:104E30007C20BDF87C20ADF87C20BDF87C20A4F857
:104E40008020ADF87C70BDF87C20ADF87C20BDF8EA
:104E50007C20A4F88020AA22ADF87C20BDF87CC07C
:104E6000ADF87CC0BDF87CC0A4F880C0ADF87C7003
:104E7000BDF87CC0ADF87CC0BDF87CC0A4F880C093
:104E8000ADF87C90BDF87CC0ADF87CC0BDF87CC0AE
:104E9000A4F880C0ADF87C70BDF87CC0ADF87CC0D3
:104EA000BDF87CC0A4F880C0ADF87C00BDF87C00E3
:104EB000ADF87C00BDF87C00A4F88000ADF87C70F3
:104EC000BDF87C00ADF87C00BDF87C00A4F8800043
:104ED000ADF87C10BDF87C00ADF87C00BDF87C001E
:104EE000A4F88000ADF87C70BDF87C00ADF87C00C3
:104EF000BDF87C00A4F88000ADF87C60BDF87C00B3
:104F0000ADF87C00BDF87C00A4F88000ADF87C70A2
:104F1000BDF87C00ADF87C00BDF87C00A4F88000F2
:104F2000ADF87C60BDF87C00ADF87C00BDF87C007D
:104F3000A4F88000ADF87C70BDF87C00ADF87C0072
:104F4000BDF87C00A4F88000ADF87C30BDF87C0092
:104F5000ADF87C00BDF87C00A4F88000ADF87C7052
:104F6000BDF87C00ADF87C00BDF87C00A4F88000A2
:104F7000ADF87C30BDF87C00ADF87C00BDF87C005D
:104F8000A4F88000ADF87C70BDF87C00ADF87C0022
:104F9000BDF87C00A4F88000ADF87C60BDF87C0012
:104FA000ADF87C00BDF87C00A4F88000ADF87C7002
:104FB000BDF87C00ADF87C00BDF87C00A4F8800052
:104FC000E920ADF87C00BDF87C00ADF87C00BDF8B0
:104FD0007C00A4F87E00ADF87C20BDF87C00ADF824
:104FE0007C00BDF87C00A4F88000ADF87C70BDF8B2
:104FF0007C00ADF87C00BDF87C00A4F88000ADF822
:105000007C70BDF87C00ADF87C00BDF87C00A4F895
:105010008000ADF87C70BDF87C00ADF87C00BDF878
:105020007C00A4F88000ADF87C70BDF87C00ADF881
:105030007C00BDF87C00A4F87E00ADF87C20BDF8B3
:105040007C00ADF87C00BDF87C00A4F88000CF2087
:10505000ADF87C00BDF87C00ADF87C00BDF87C00AC
:10506000A4F87E00ADF87C70BDF87C00ADF87C0043
:10507000BDF87C00A4F88000ADF87C70BDF87C0021
:10508000ADF87C00BDF87C00A4F88000ADF87C7021
:10509000BDF87C00ADF87C00BDF87C00A4F8800071
:1050A000ADF87C70BDF87C00ADF87C00BDF87C00EC
:1050B000A4F88000ADF87C70BDF87C00ADF87C00F1
:1050C000BDF87C00A4F88000ADF87C70BDF87C00D1
:1050D000ADF87C00BDF87C00A4F88000ADF87C70D1
:1050E000BDF87C00ADF87C00BDF87C00A4F8800021
:1050F000ADF87C70BDF87C00ADF87C00BDF87C009C
:10510000A4F88000ADF87C70BDF87C00ADF87C00A0
:10511000BDF87C00A4F88000ADF87C70BDF87C0080
:10512000ADF87C00BDF87C00A4F88000ADF87C7080
:10513000BDF87C00ADF87C00BDF87C00A4F88000D0
:10514000ADF87C70BDF87C00ADF87C00BDF87C004B
:10515000A4F88000ADF87C70BDF87C00ADF87C0050
:10516000BDF87C00A4F88000ADF87C70BDF87C0030
:10517000ADF87C00BDF87C00A4F88000ADF87C7030
:10518000BDF87C00ADF87C00BDF87C00A4F8800080
:10519000ADF87C70BDF87C00ADF87C00BDF87C00FB
:1051A000A4F88000ADF87C70BDF87C00ADF87C0000
:1051B000BDF87C00A4F88000F020ADF87C00BDF8BC
:1051C0007C00ADF87C00BDF87C00A4F87E00ADF852
:1051D0007C70BDF87C00ADF87C00BDF87C00A4F8C4
:1051E00080005020ADF87C00BDF87C00ADF87C005C
:1051F000BDF87C00A4F88000ADF87C70BDF87C00A0
:10520000ADF87C00BDF87C00A4F88000ADF87C709F
:10521000BDF87C00ADF87C00BDF87C00A4F88000EF
:10522000ADF87C70BDF87C00ADF87C00BDF87C006A
:10523000A4F88000F320ADF87C00BDF87C00ADF848
:105240007C00BDF87C00A4F87E00ADF87C70BDF851
:105250007C00ADF87C00BDF87C00A4F88000F9204B
:10526000ADF87C00BDF87C00ADF87C00BDF87C009A
:10527000A4F87E000620ADF87C00BDF87C00ADF8F7
:105280007C00BDF87C00A4F880001020ADF87C0004
:10529000BDF87C00ADF87C00BDF87C00A4F880006F
:1052A0004FF02908ADF87C80BDF87C00ADF87C009B
:1052B000BDF87C00A4F88000ADF87C70BDF87C00DF
:1052C000ADF87C00BDF87C00A4F88000ADF87CB09F
:1052D000BDF87C00ADF87C00BDF87C00A4F87E0031
:1052E000ADF87C60BDF87C00ADF87C00BDF87C00BA
:1052F000A4F880001120ADF87C00BDF87C00ADF86A
:105300007C00BDF87C00A4F87E00642003F036FD2C
:10531000ADF87C80BDF87C00ADF87C00BDF87C0069
:10532000A4F87E003520ADF87C00BDF87C00ADF817
:105330007C00BDF87C00A4F87E00ADF87C70BDF860
:105340007C00ADF87C00BDF87C00A4F88000512002
:10535000ADF87C00BDF87C00ADF87C00BDF87C00A9
:10536000A4F87E00FF20ADF87C00BDF87C00ADF80D
:105370007C00BDF87C00A4F880005320ADF87C00D0
:10538000BDF87C00ADF87C00BDF87C00A4F87E0080
:105390002C20ADF87C00BDF87C10ADF87C10BDF879
:1053A0007C10A4F88010ADF87C60BDF87C10ADF8DE
:1053B0007C10BDF87C10A4F87E108221ADF87C1022
:1053C000BDF87C10ADF87C10BDF87C10A4F88010FE
:1053D000ADF87C00BDF87C00ADF87C00BDF87C0029
:1053E000A4F87E0002F081BC4FF470415520A4F86F
:1053F0007E10A4F88000491CAA20A4F87E10A4F80E
:105400008000491C5220A4F87E10A4F88000481C9B
:105410000821A4F87E00A4F88010411C0120A4F803
:105420007E10A4F880004FF430410D20A4F87E10C7
:10543000A4F88000481C0D21A4F87E00A4F8801078
:10544000411C0D20A4F87E10A4F880004FF43641D2
:105450003420A4F87E10A4F88000491CA4F87E1023
:10546000A4F88000481C3421A4F87E00A4F8801021
:105470004FF431410D20A4F87E10A4F88000481CA0
:105480000D21A4F87E00A4F88010401CA4F87E0032
:10549000A4F880104FF437413420A4F87E10A4F80B
:1054A0008000491CA4F87E10A4F88000481C342118
:1054B000A4F87E00A4F880104FF432400021A4F834
:1054C0007E00A4F88010411C0020A4F87E10A4F8EF
:1054D0008000481C0021A4F87E00A4F880104FF43E
:1054E00038402421A4F87E00A4F88010411C242018
:1054F000A4F87E10A4F88000491CA4F87E10A4F83B
:1055000080004FF43F400121A4F87E00A4F88010F1
:105510004FF433410F20A4F87E10A4F88000491CFA
:10552000A4F87E10A4F88000481C0F21A4F87E0087
:10553000A4F880104FF439413420A4F87E10A4F868
:105540008000481C3421A4F87E00A4F88010401C80
:10555000A4F87E00A4F880104FF435400821A4F888
:105560007E00A4F88010401CA4F87E00A4F88010EF
:10557000411C0820A4F87E10A4F880004FF442419A
:105580000320A4F87E10A4F880004FF43A402421B0
:10559000A4F87E00A4F88010411C2420A4F87E10FA
:1055A000A4F88000481C2421A4F87E00A4F88010F0
:1055B0004FF43C410020A4F87E10A4F88000491C60
:1055C0007820A4F87E10A4F88000491C0020A4F8DC
:1055D0007E10A4F880004FF43D41A4F87E10A4F89A
:1055E0008000481C7821A4F87E00A4F88010401C9C
:1055F0000021A4F87E00A4F880104FF43E41002062
:10560000A4F87E10A4F88000481C6421A4F87E0051
:10561000A4F880104FF451410020A4F87E10A4F8A3
:105620008000481C3321A4F87E00A4F88010411C9F
:105630000020A4F87E10A4F88000481C3421A4F8AF
:105640007E00A4F88010411C0020A4F87E10A4F86D
:105650008000491C3A20A4F87E10A4F88000491C60
:105660000020A4F87E10A4F88000481C4A21A4F869
:105670007E00A4F88010411C0020A4F87E10A4F83D
:105680008000491C5C20A4F87E10A4F88000491C0E
:105690000020A4F87E10A4F88000481C8121A4F802
:1056A0007E00A4F88010401C0021A4F87E00A4F81D
:1056B0008010401CA621A4F87E00A4F88010401C95
:1056C0000021A4F87E00A4F88010411CE520A4F875
:1056D0007E10A4F88000481C0121A4F87E00A4F8E4
:1056E0008010411C1320A4F87E10A4F88000481CF0
:1056F0000121A4F87E00A4F88010411C5420A4F8D5
:105700007E10A4F88000481C0121A4F87E00A4F8B3
:105710008010411C8220A4F87E10A4F88000491C4F
:105720000120A4F87E10A4F88000491CCA20A4F827
:105730007E10A4F88000481C0221A4F87E00A4F882
:105740008010411C0020A4F87E10A4F88000491CA1
:105750000220A4F87E10A4F88000491C0120A4F8BF
:105760007E10A4F88000491C0220A4F87E10A4F842
:105770008000491C3420A4F87E10A4F88000481C46
:105780000221A4F87E00A4F88010401C6721A4F830
:105790007E00A4F88010411C0220A4F87E10A4F81A
:1057A0008000491C8420A4F87E10A4F88000491CC5
:1057B0000220A4F87E10A4F88000491CA420A4F8BC
:1057C0007E10A4F88000491C0220A4F87E10A4F8E2
:1057D0008000481CB721A4F87E00A4F88010411C6A
:1057E0000220A4F87E10A4F88000491CCF20A4F861
:1057F0007E10A4F88000481C0221A4F87E00A4F8C2
:105800008010401CDE21A4F87E00A4F88010411C0A
:105810000220A4F87E10A4F88000491CF220A4F80D
:105820007E10A4F88000481C0221A4F87E00A4F891
:105830008010411CFE20A4F87E10A4F88000491CB2
:105840000320A4F87E10A4F88000491C1020A4F8BE
:105850007E10A4F88000481C0321A4F87E00A4F860
:105860008010411C3320A4F87E10A4F88000481C4E
:105870000321A4F87E00A4F88010401C6D21A4F838
:105880007E00A4F880104FF452400021A4F87E005E
:10589000A4F88010411C3320A4F87E10A4F88000E6
:1058A000491C0020A4F87E10A4F88000491C342074
:1058B000A4F87E10A4F88000481C0021A4F87E0003
:1058C000A4F88010401C3A21A4F87E00A4F88010AF
:1058D000411C0020A4F87E10A4F88000491C4A2036
:1058E000A4F87E10A4F88000491C0020A4F87E10C3
:1058F000A4F88000491C5C20A4F87E10A4F8800065
:10590000481C0021A4F87E00A4F88010401C8121CE
:10591000A4F87E00A4F88010401C0021A4F87E00AA
:10592000A4F88010411CA620A4F87E10A4F88000E2
:10593000491C0020A4F87E10A4F88000491CE52032
:10594000A4F87E10A4F88000481C0121A4F87E0071
:10595000A4F88010411C1320A4F87E10A4F8800045
:10596000481C0121A4F87E00A4F88010401C54219A
:10597000A4F87E00A4F88010401C0121A4F87E0049
:10598000A4F88010411C8220A4F87E10A4F88000A6
:10599000491C0120A4F87E10A4F88000491CCA20EC
:1059A000A4F87E10A4F88000491C0220A4F87E1000
:1059B000A4F88000491C0020A4F87E10A4F8800000
:1059C000491C0220A4F87E10A4F88000491C012084
:1059D000A4F87E10A4F88000481C0221A4F87E00E0
:1059E000A4F88010411C3420A4F87E10A4F8800094
:1059F000491C0220A4F87E10A4F88000481C6721EE
:105A0000A4F87E00A4F88010411C0220A4F87E10A7
:105A1000A4F88000491C8420A4F87E10A4F880001B
:105A2000491C0220A4F87E10A4F88000481CA42180
:105A3000A4F87E00A4F88010411C0220A4F87E1077
:105A4000A4F88000491CB720A4F87E10A4F88000B8
:105A5000491C0220A4F87E10A4F88000481CCF2125
:105A6000A4F87E00A4F88010411C0220A4F87E1047
:105A7000A4F88000491CDE20A4F87E10A4F8800061
:105A8000491C0220A4F87E10A4F88000491CF220D2
:105A9000A4F87E10A4F88000491C0220A4F87E100F
:105AA000A4F88000481CFE21A4F87E00A4F8801011
:105AB000411C0320A4F87E10A4F88000491C10208B
:105AC000A4F87E10A4F88000491C0320A4F87E10DE
:105AD000A4F88000491C3320A4F87E10A4F88000AC
:105AE000491C0320A4F87E10A4F88000491C6D20F6
:105AF000A4F87E10A4F880004FF453410020A4F8CD
:105B00007E10A4F88000481C3321A4F87E00A4F87D
:105B10008010411C0020A4F87E10A4F88000491CCD
:105B20003420A4F87E10A4F88000491C0020A4F8BA
:105B30007E10A4F88000491C3A20A4F87E10A4F836
:105B40008000491C0020A4F87E10A4F88000491CA5
:105B50004A20A4F87E10A4F88000491C0020A4F874
:105B60007E10A4F88000491C5C20A4F87E10A4F8E4
:105B70008000491C0020A4F87E10A4F88000491C75
:105B80008120A4F87E10A4F88000491C0020A4F80D
:105B90007E10A4F88000491CA620A4F87E10A4F86A
:105BA0008000491C0020A4F87E10A4F88000491C45
:105BB000E520A4F87E10A4F88000491C0120A4F878
:105BC0007E10A4F88000481C1321A4F87E00A4F8DD
:105BD0008010401C0121A4F87E00A4F88010411C14
:105BE0005420A4F87E10A4F88000491C0120A4F8D9
:105BF0007E10A4F88000491C8220A4F87E10A4F82E
:105C00008000491C0120A4F87E10A4F88000481CE4
:105C1000CA21A4F87E00A4F88010411C0220A4F838
:105C20007E10A4F88000491C0020A4F87E10A4F87F
:105C30008000491C0220A4F87E10A4F88000491CB2
:105C40000120A4F87E10A4F88000491C0220A4F8CA
:105C50007E10A4F88000491C3420A4F87E10A4F81B
:105C60008000491C0220A4F87E10A4F88000491C82
:105C70006720A4F87E10A4F88000491C0220A4F834
:105C80007E10A4F88000481C8421A4F87E00A4F8AB
:105C90008010411C0220A4F87E10A4F88000491C4A
:105CA000A420A4F87E10A4F88000491C0220A4F8C7
:105CB0007E10A4F88000491CB720A4F87E10A4F838
:105CC0008000491C0220A4F87E10A4F88000491C22
:105CD000CF20A4F87E10A4F88000481C0221A4F86C
:105CE0007E00A4F88010411CDE20A4F87E10A4F8E9
:105CF0008000491C0220A4F87E10A4F88000491CF2
:105D0000F220A4F87E10A4F88000491C0220A4F818
:105D10007E10A4F88000491CFE20A4F87E10A4F890
:105D20008000491C0320A4F87E10A4F88000491CC0
:105D30001020A4F87E10A4F88000491C0320A4F8C9
:105D40007E10A4F88000491C3320A4F87E10A4F82B
:105D50008000491C0320A4F87E10A4F88000491C90
:105D60006D20A4F87E10A4F880004FF45441002068
:105D7000A4F87E10A4F88000491C3320A4F87E10FB
:105D8000A4F88000491C0020A4F87E10A4F880002C
:105D9000491C3420A4F87E10A4F88000491C00207F
:105DA000A4F87E10A4F88000491C3A20A4F87E10C4
:105DB000A4F88000491C0020A4F87E10A4F88000FC
:105DC000491C4A20A4F87E10A4F88000491C002039
:105DD000A4F87E10A4F88000491C5C20A4F87E1072
:105DE000A4F88000491C0020A4F87E10A4F88000CC
:105DF000491C8120A4F87E10A4F88000491C0020D2
:105E0000A4F87E10A4F88000491CA620A4F87E10F7
:105E1000A4F88000481C0021A4F87E00A4F880109B
:105E2000411CE520A4F87E10A4F88000491C012044
:105E3000A4F87E10A4F88000491C1320A4F87E105A
:105E4000A4F88000491C0120A4F87E10A4F880006A
:105E5000491C5420A4F87E10A4F88000491C01209D
:105E6000A4F87E10A4F88000491C8220A4F87E10BB
:105E7000A4F88000491C0120A4F87E10A4F880003A
:105E8000491CCA20A4F87E10A4F88000491C0220F6
:105E9000A4F87E10A4F88000491C0020A4F87E100D
:105EA000A4F88000491C0220A4F87E10A4F8800009
:105EB000491C0120A4F87E10A4F88000491C02208F
:105EC000A4F87E10A4F88000491C3420A4F87E10A9
:105ED000A4F88000491C0220A4F87E10A4F88000D9
:105EE000491C6720A4F87E10A4F88000491C0220F9
:105EF000A4F87E10A4F88000491C8420A4F87E1029
:105F0000A4F88000491C0220A4F87E10A4F88000A8
:105F1000491CA420A4F87E10A4F88000491C02208B
:105F2000A4F87E10A4F88000491CB720A4F87E10C5
:105F3000A4F88000491C0220A4F87E10A4F8800078
:105F4000491CCF20A4F87E10A4F88000491C022030
:105F5000A4F87E10A4F88000491CDE20A4F87E106E
:105F6000A4F88000491C0220A4F87E10A4F8800048
:105F7000491CF220A4F87E10A4F88000491C0220DD
:105F8000A4F87E10A4F88000491CFE20A4F87E101E
:105F9000A4F88000491C0320A4F87E10A4F8800017
:105FA000491C1020A4F87E10A4F88000491C03208E
:105FB000A4F87E10A4F88000491C3320A4F87E10B9
:105FC000A4F88000491C0320A4F87E10A4F88000E7
:105FD000491C6D20A4F87E10A4F880004FF45541B0
:105FE0000020A4F87E10A4F88000491C3320A4F8F7
:105FF0007E10A4F88000491C0020A4F87E10A4F8AC
:106000008000491C3420A4F87E10A4F88000491CAC
:106010000020A4F87E10A4F88000491C3A20A4F8BF
:106020007E10A4F88000491C0020A4F87E10A4F87B
:106030008000491C4A20A4F87E10A4F88000491C66
:106040000020A4F87E10A4F88000491C5C20A4F86D
:106050007E10A4F88000491C0020A4F87E10A4F84B
:106060008000491C8120A4F87E10A4F88000491CFF
:106070000020A4F87E10A4F88000491CA620A4F8F3
:106080007E10A4F88000491C0020A4F87E10A4F81B
:106090008000491CE520A4F87E10A4F88000491C6B
:1060A0000120A4F87E10A4F88000491C1320A4F855
:1060B0007E10A4F88000491C0120A4F87E10A4F8EA
:1060C0008000491C5420A4F87E10A4F88000491CCC
:1060D0000120A4F87E10A4F88000491C8220A4F8B6
:1060E0007E10A4F88000491C0120A4F87E10A4F8BA
:1060F0008000491CCA20A4F87E10A4F88000491C26
:106100000220A4F87E10A4F88000491C0020A4F806
:106110007E10A4F88000491C0220A4F87E10A4F888
:106120008000491C0120A4F87E10A4F88000491CBE
:106130000220A4F87E10A4F88000491C3420A4F8A2
:106140007E10A4F88000491C0220A4F87E10A4F858
:106150008000491C6720A4F87E10A4F88000491C28
:106160000220A4F87E10A4F88000491C8420A4F822
:106170007E10A4F88000491C0220A4F87E10A4F828
:106180008000491CA420A4F87E10A4F88000491CBB
:106190000220A4F87E10A4F88000491CB720A4F8BF
:1061A0007E10A4F88000491C0220A4F87E10A4F8F8
:1061B0008000491CCF20A4F87E10A4F88000491C60
:1061C0000220A4F87E10A4F88000491CDE20A4F868
:1061D0007E10A4F88000491C0220A4F87E10A4F8C8
:1061E0008000491CF220A4F87E10A4F88000491C0D
:1061F0000220A4F87E10A4F88000491CFE20A4F818
:106200007E10A4F88000491C0320A4F87E10A4F896
:106210008000491C1020A4F87E10A4F88000491CBE
:106220000320A4F87E10A4F88000491C3320A4F8B1
:106230007E10A4F88000491C0320A4F87E10A4F866
:106240008000491C6D20A4F87E10A4F880004FF453
:1062500056410020A4F87E10A4F88000491C332089
:10626000A4F87E10A4F88000491C0020A4F87E1039
:10627000A4F88000491C3420A4F87E10A4F8800003
:10628000491C0020A4F87E10A4F88000491C3A2084
:10629000A4F87E10A4F88000491C0020A4F87E1009
:1062A000A4F88000491C4A20A4F87E10A4F88000BD
:1062B000491C0020A4F87E10A4F88000491C5C2032
:1062C000A4F87E10A4F88000491C0020A4F87E10D9
:1062D000A4F88000491C8120A4F87E10A4F8800056
:1062E000491C0020A4F87E10A4F88000491CA620B8
:1062F000A4F87E10A4F88000491C0020A4F87E10A9
:10630000A4F88000491CE520A4F87E10A4F88000C1
:10631000491C0120A4F87E10A4F88000491C132019
:10632000A4F87E10A4F88000491C0120A4F87E1077
:10633000A4F88000491C5420A4F87E10A4F8800022
:10634000491C0120A4F87E10A4F88000491C82207A
:10635000A4F87E10A4F88000491C0120A4F87E1047
:10636000A4F88000491CCA20A4F87E10A4F880007C
:10637000491C0220A4F87E10A4F88000491C0020CB
:10638000A4F87E10A4F88000491C0220A4F87E1016
:10639000A4F88000491C0120A4F87E10A4F8800015
:1063A000491C0220A4F87E10A4F88000481C342167
:1063B000A4F87E00A4F88010401C0221A4F87E00FE
:1063C000A4F88010411C6720A4F87E10A4F8800077
:1063D000491C0220A4F87E10A4F88000491C8420E7
:1063E000A4F87E10A4F88000481C0221A4F87E00C6
:1063F000A4F88010401CA421A4F87E00A4F880100A
:10640000411C0220A4F87E10A4F88000481CB7218B
:10641000A4F87E00A4F88010411C0220A4F87E108D
:10642000A4F88000491CCF20A4F87E10A4F88000B6
:10643000491C0220A4F87E10A4F88000491CDE202C
:10644000A4F87E10A4F88000491C0220A4F87E1055
:10645000A4F88000481CF221A4F87E00A4F8801063
:10646000411C0220A4F87E10A4F88000491CFE20E4
:10647000A4F87E10A4F88000491C0320A4F87E1024
:10648000A4F88000491C1020A4F87E10A4F8800015
:10649000481C0321A4F87E00A4F88010411C33207E
:1064A000A4F87E10A4F88000491C0320A4F87E10F4
:1064B000A4F88000491C6D20A4F87E10A4F8800088
:1064C0004FF470415520A4F87E10A4F88000491CB8
:1064D000AA20A4F87E10A4F88000491C5220A4F839
:1064E0007E10A4F88000481C0821A4F87E00A4F8BF
:1064F0008010401C0021A4F87E00A4F880104FF406
:106500003141CC20A4F87E10A4F88000491C002062
:10651000A4F87E10A4F880004FF436410520A4F8BA
:106520007E10A4F880004FF437417020A4F87E104C
:10653000A4F88000491CA4F87E10A4F880004FF451
:1065400038400121A4F87E00A4F88010401C0321EB
:10655000A4F87E00A4F88010411C0320A4F87E104B
:10656000A4F88000491CA4F87E10A4F880004FF421
:106570003C410220A4F87E10A4F88000491C0020B1
:10658000A4F87E10A4F88000491CA4F87E10A4F89A
:1065900080004FF44940D021A4F87E00A4F8801078
:1065A000401C0221A4F87E00A4F88010411C502059
:1065B000A4F87E10A4F88000491CA4F87E10A4F86A
:1065C0008000491CA4F87E10A4F880004FF45450B9
:1065D0000021A4F87E00A4F880104FF468515520E3
:1065E000A4F87E10A4F880004FF48850ADF87C0029
:1065F000BDF87C00ADF87C00BDF87C00A4F87E00FE
:10660000782002F005FC4FF42450ADF87C00BDF872
:106610007C00ADF87C00BDF87C00A4F87E0001F0A1
:1066200064BB1120ADF87C00BDF87C00ADF87C00A7
:10663000BDF87C00A4F87E00782002F09FFB362293
:10664000ADF87C20BDF87C00ADF87C00BDF87C0086
:10665000A4F87E004820ADF87C00BDF87C00ADF8C1
:106660007C00BDF87C00A4F88000ADF87CB0BDF8DB
:106670007C00ADF87C00BDF87C00A4F87E005520BD
:10668000ADF87C00BDF87C00ADF87C00BDF87C0066
:10669000A4F88000F021ADF87C10BDF87C00ADF8C6
:1066A0007C00BDF87C00A4F87E00C320ADF87C001F
:1066B000BDF87C00ADF87C00BDF87C00A4F880003B
:1066C000ADF87C10BDF87C00ADF87C00BDF87C0016
:1066D000A4F87E009620ADF87C00BDF87C00ADF8F3
:1066E0007C00BDF87C00A4F88000B420ADF87C00EC
:1066F000BDF87C00ADF87C00BDF87C00A4F87E00FD
:10670000ADF87C50BDF87C00ADF87C00BDF87C0095
:10671000A4F88000B620ADF87C00BDF87C00ADF890
:106720007C00BDF87C00A4F87E000A20ADF87C0057
:10673000BDF87C00ADF87C00BDF87C00A4F88000BA
:10674000A220ADF87C00BDF87C00ADF87C00BDF85F
:106750007C00A4F88000B720ADF87C00BDF87C0078
:10676000ADF87C00BDF87C00A4F87E00C620ADF832
:106770007C00BDF87C00ADF87C00BDF87C00A4F87E
:106780008000B920ADF87C00BDF87C00ADF87C003D
:10679000BDF87C00A4F87E00ADF87C70BDF87C00EC
:1067A000ADF87C00BDF87C00A4F88000ADF87C60FA
:1067B000BDF87C00ADF87C00BDF87C00A4F880003A
:1067C000C020ADF87C00BDF87C00ADF87C00BDF8C1
:1067D0007C00A4F87E008020ADF87C00BDF87C0031
:1067E000ADF87C00BDF87C00A4F880001623ADF85D
:1067F0007C30BDF87C00ADF87C00BDF87C00A4F8CE
:106800008000C120ADF87C00BDF87C00ADF87C00B4
:10681000BDF87C00A4F87E001920ADF87C00BDF81E
:106820007CC0ADF87CC0BDF87CC0A4F880C04FF03F
:10683000C20CADF87CC0BDF87CC0ADF87CC0BDF822
:106840007CC0A4F87EC04FF0A70CADF87CC0BDF8AA
:106850007CC0ADF87CC0BDF87CC0A4F880C04FF00F
:10686000C50CADF87CC0BDF87CC0ADF87CC0BDF8EF
:106870007CC0A4F87EC0ADF87C30BDF87C30ADF8AB
:106880007C30BDF87C30A4F88030E823ADF87C3053
:10689000BDF87C30ADF87C30BDF87C30A4F87E309B
:1068A0004023ADF87C30BDF87C30ADF87C30BDF8CD
:1068B0007C30A4F880308A23ADF87C30BDF87C3081
:1068C000ADF87C30BDF87C30A4F880300023ADF802
:1068D0007C30BDF87CC0ADF87CC0BDF87CC0A4F8AD
:1068E00080C0ADF87C30BDF87C30ADF87C30BDF8B0
:1068F0007C30A4F88030ADF87CA0BDF87C30ADF8D9
:106900007C30BDF87C30A4F88030ADF87C00BDF858
:106910007C00ADF87C00BDF87C00A4F88000A520C8
:10692000ADF87C00BDF87C00ADF87C00BDF87C00C3
:10693000A4F880003320ADF87C00BDF87C00ADF8F1
:106940007C00BDF87C00A4F88000ADF87C60BDF848
:106950007C00ADF87C00BDF87C00A4F87E00ADF8AA
:106960007C10BDF87C00ADF87C00BDF87C00A4F87C
:1069700080000720ADF87C00BDF87C00ADF87C00FD
:10698000BDF87C00A4F880000D20ADF87C00BDF8B7
:106990007C00ADF87C00BDF87C00A4F88000ADF868
:1069A0007C90BDF87C00ADF87C00BDF87C00A4F8BC
:1069B00080000520ADF87C00BDF87C00ADF87C00BF
:1069C000BDF87C00A4F880001420ADF87C00BDF870
:1069D0007C30ADF87C30BDF87C30A4F88030ADF868
:1069E0007C20BDF87C20ADF87C20BDF87C20A4F88C
:1069F00080205422ADF87C20BDF87C20ADF87C20AE
:106A0000BDF87C20A4F880204C22ADF87C20BDF895
:106A10007C30ADF87C30BDF87C30A4F88030382371
:106A2000ADF87C30BDF87C30ADF87C30BDF87C3002
:106A3000A4F880301323ADF87C30BDF87C30ADF87D
:106A40007C30BDF87C30A4F88030ADF87C00BDF817
:106A50007C30ADF87C30BDF87C30A4F880302E233B
:106A6000ADF87C30BDF87C30ADF87C30BDF87C30C2
:106A7000A4F880303423ADF87C30BDF87C30ADF81C
:106A80007C30BDF87C30A4F88030E123ADF87C3058
:106A9000BDF87C30ADF87C30BDF87C30A4F87E3099
:106AA000ADF87C10BDF87C30ADF87C30BDF87C30A2
:106AB000A4F880301023ADF87C30BDF87CC0ADF870
:106AC0007CC0BDF87CC0A4F880C0ADF87C00BDF8E7
:106AD0007C00ADF87C00BDF87C00A4F880000E209E
:106AE000ADF87C00BDF87C00ADF87C00BDF87C0002
:106AF000A4F880000C20ADF87C00BDF87C00ADF857
:106B00007C00BDF87C00A4F880000820ADF87C0073
:106B1000BDF87C00ADF87C00BDF87C00A4F88000D6
:106B20003520ADF87C00BDF87C00ADF87C00BDF8E8
:106B30007C00A4F880004420ADF87C00BDF87C0007
:106B4000ADF87C00BDF87C00A4F88000ADF87C2096
:106B5000BDF87C00ADF87C00BDF87C00A4F8800096
:106B60002620ADF87C00BDF87C00ADF87C00BDF8B7
:106B70007C00A4F88000ADF87C30BDF87C00ADF856
:106B80007C00BDF87C00A4F880001220ADF87C00E9
:106B9000BDF87C00ADF87C00BDF87C00A4F8800056
:106BA0002C20ADF87C00BDF87C00ADF87C00BDF871
:106BB0007C00A4F880003220ADF87C00BDF87C0099
:106BC000ADF87C00BDF87C00A4F88000ADF87C1026
:106BD000BDF87C00ADF87C00BDF87C00A4F87E0018
:106BE0003C20ADF87C00BDF87C00ADF87C00BDF821
:106BF0007C00A4F88000ADF87C10BDF87C00ADF8F6
:106C00007C00BDF87C00A4F87E006920ADF87C0013
:106C1000BDF87C00ADF87C00BDF87C00A4F88000D5
:106C2000782002F0ABF82120ADF87C00BDF87C00A4
:106C3000ADF87C00BDF87C00A4F87E00ADF87CA027
:106C4000BDF87C00ADF87C00BDF87C00A4F87E00A7
:106C500001F04BB8FF20ADF87C00BDF87C00ADF82A
:106C60007C00BDF87C00A4F87E00FF20ADF87C001D
:106C7000BDF87C00ADF87C00BDF87C00A4F8800075
:106C80009820ADF87C00BDF87C00ADF87C00BDF824
:106C90007C00A4F880000620ADF87C00BDF87C00E4
:106CA000ADF87C00BDF87C00A4F88000BC20ADF8F5
:106CB0007C00BDF87C00ADF87C00BDF87C00A4F839
:106CC0007E00ADF87C50BDF87C00ADF87C00BDF8CE
:106CD0007C00A4F880000F20ADF87C00BDF87C009B
:106CE000ADF87C00BDF87C00A4F880006120ADF810
:106CF0007C00BDF87C00ADF87C00BDF87C00A4F8F9
:106D00008000FF20ADF87C00BDF87C00ADF87C0071
:106D1000BDF87C00A4F88000ADF87C50BDF87C0084
:106D2000ADF87C00BDF87C00A4F88000ADF87C5084
:106D3000BDF87C00ADF87C00BDF87C00A4F88000B4
:106D40000B20ADF87C00BDF87C00ADF87C00BDF8F0
:106D50007C00A4F880001020ADF87C00BDF87C0019
:106D6000ADF87C00BDF87C00A4F880003720ADF8B9
:106D70007C00BDF87C00ADF87C00BDF87C00A4F878
:106D800080006320ADF87C00BDF87C00ADF87C008D
:106D9000BDF87C00A4F88000FF20ADF87C00BDF8B1
:106DA0007C00ADF87C00BDF87C00A4F88000FF20DA
:106DB000ADF87C00BDF87C00ADF87C00BDF87C002F
:106DC000A4F88000ADF87C50BDF87C00ADF87C00E4
:106DD000BDF87C00A4F88000ADF87C50BDF87C00C4
:106DE000ADF87C00BDF87C00A4F880004FF0000EE8
:106DF0007046ADF87CE0BDF87C10ADF87C10BDF8B5
:106E00007C10A4F88010ADF87CE0BDF87C10ADF8E3
:106E10007C10BDF87C10A4F88010FF21ADF87C1028
:106E2000BDF87C10ADF87C10BDF87C10A4F8801083
:106E30005221ADF87C10BDF87C10ADF87C10BDF887
:106E40007C10A4F88010ADF87C50BDF87C10ADF833
:106E50007C10BDF87C10A4F88010ADF87C00BDF863
:106E60007C10ADF87C10BDF87C10A4F880104FF0B9
:106E7000400CADF87CC0BDF87C10ADF87C10BDF8BE
:106E80007C10A4F88010BD21ADF87C10BDF87C10FA
:106E9000ADF87C10BDF87C10A4F87E10ADF87C50E5
:106EA000BDF87C10ADF87C10BDF87C10A4F8801003
:106EB0002322ADF87C20BDF87C10ADF87C10BDF825
:106EC0007C10A4F880104523ADF87C30BDF87C1010
:106ED000ADF87C10BDF87C10A4F880106721ADF8E7
:106EE0007C10BDF87C70ADF87C70BDF87C70A4F8A7
:106EF0008070ADF87C50BDF87C70ADF87C70BDF84A
:106F00007C70A4F88070ADF87C20BDF87C20ADF8D2
:106F10007C20BDF87C20A4F88020ADF87C30BDF842
:106F20007C20ADF87C20BDF87C20A4F88020ADF852
:106F30007C10BDF87C10ADF87C10BDF87C10A4F876
:106F40008010BE21ADF87C10BDF87C10ADF87C102F
:106F5000BDF87C10A4F87E10ADF87C00BDF87C0074
:106F6000ADF87C00BDF87C00A4F88000ADF87C5042
:106F7000BDF87C00ADF87C00BDF87C00A4F8800072
:106F8000AB20ADF87C00BDF87C00ADF87C00BDF80E
:106F90007C00A4F880006020ADF87C00BDF87C0087
:106FA000ADF87C00BDF87C00A4F880002220ADF88C
:106FB0007C00BDF87C10ADF87C10BDF87C10A4F806
:106FC0008010ADF87C00BDF87C10ADF87C10BDF8E9
:106FD0007C10A4F88010ADF87C00BDF87C10ADF8F2
:106FE0007C10BDF87C10A4F88010ADF87C00BDF8D2
:106FF0007C10ADF87C10BDF87C10A4F88010ADF8C2
:107000007C00BDF87C00ADF87C00BDF87C00A4F8E5
:107010008000C720ADF87C00BDF87C00ADF87C0096
:10702000BDF87C00A4F87E003620ADF87C00BDF8E9
:107030007C00ADF87C00BDF87C00A4F88000ED2059
:10704000ADF87C00BDF87C00ADF87C00BDF87C009C
:10705000A4F87E007F20ADF87C00BDF87C00ADF880
:107060007C00BDF87C00A4F880000F21ADF87C10F6
:10707000BDF87C00ADF87C00BDF87C00A4F8800071
:10708000C020ADF87C00BDF87C00ADF87C00BDF8F8
:107090007C00A4F87E00ADF87C10BDF87C00ADF853
:1070A0007C00BDF87C00A4F880000B22ADF87C20A9
:1070B000BDF87C00ADF87C00BDF87C00A4F8800031
:1070C0000A20ADF87C00BDF87C00ADF87C00BDF86E
:1070D0007C00A4F88000FC20ADF87C00BDF87C00AA
:1070E000ADF87C00BDF87C00A4F87E000820ADF867
:1070F0007C00BDF87C00ADF87C00BDF87C00A4F8F5
:107100008000DF20ADF87C00BDF87C00ADF87C008D
:10711000BDF87C00A4F87E007046ADF87CE0BDF8B8
:107120007C30ADF87C30BDF87C30A4F88030ADF810
:107130007CE0BDF87C30ADF87C30BDF87C30A4F844
:107140008030ADF87CE0BDF87C30ADF87C30BDF827
:107150007C30A4F88030ADF87CE0BDF87C30ADF830
:107160007C30BDF87C30A4F88030ADF87C00BDF8F0
:107170007C30ADF87C30BDF87C30A4F880304FF026
:10718000200EADF87CE0BDF87C30ADF87C30BDF869
:107190007C30A4F88030F323ADF87C30BDF87C302F
:1071A000ADF87C30BDF87C30A4F87E307423ADF8A7
:1071B0007C30BDF87C30ADF87C30BDF87C30A4F874
:1071C0008030B423ADF87C30BDF87C30ADF87C3035
:1071D000BDF87C30A4F87E30ADF87C00BDF87C3082
:1071E000ADF87C30BDF87C30A4F88030ADF87C0080
:1071F000BDF87C30ADF87C30BDF87C30A4F8803030
:10720000ADF87C00BDF87C30ADF87C30BDF87C304A
:10721000A4F88030F723ADF87C30BDF87C30ADF8B1
:107220007C30BDF87C30A4F87E308223ADF87C3011
:10723000BDF87C30ADF87C30BDF87C30A4F88030EF
:10724000B123ADF87C30BDF87C30ADF87C30BDF8B2
:107250007C30A4F87E30ADF87C00BDF87C30ADF811
:107260007C30BDF87C30A4F880301323ADF87C303E
:10727000BDF87C70ADF87C70BDF87C70A4F88070AF
:10728000ADF87C30BDF87C70ADF87C70BDF87C70DA
:10729000A4F88070F227ADF87C70BDF87C70ADF872
:1072A0007C70BDF87C70A4F87E708027ADF87C708F
:1072B000BDF87C70ADF87C70BDF87C70A4F880706F
:1072C000ADF87C90BDF87C70ADF87C70BDF87C703A
:1072D000A4F88070ADF87CC0BDF87CC0ADF87CC06F
:1072E000BDF87CC0A4F880C04FF0280CADF87CC07D
:1072F000BDF87CC0ADF87CC0BDF87CC0A4F880C0EF
:107300004FF0C10CADF87CC0BDF87CC0ADF87CC0BE
:10731000BDF87CC0A4F87EC04FF0170CADF87CC05F
:10732000BDF87CC0ADF87CC0BDF87CC0A4F880C0BE
:107330004FF0880CADF87CC0BDF87C70ADF87C7067
:10734000BDF87C70A4F88070ADF87CC0BDF87CC03E
:10735000ADF87CC0BDF87CC0A4F880C0ADF87CE07E
:10736000BDF87CC0ADF87CC0BDF87CC0A4F880C07E
:10737000ADF87C60BDF87CC0ADF87CC0BDF87CC0C9
:10738000A4F87EC0ADF87C00BDF87CC0ADF87CC030
:10739000BDF87CC0A4F880C04FF00A0CADF87CC0EA
:1073A000BDF87CC0ADF87CC0BDF87CC0A4F880C03E
:1073B0004FF0120CADF87CC0BDF87CC0ADF87CC0BD
:1073C000BDF87CC0A4F880C01026ADF87C60BDF884
:1073D0007CC0ADF87CC0BDF87CC0A4F880C04FF084
:1073E0000E0CADF87CC0BDF87C70ADF87C70BDF8BB
:1073F0007C70A4F88070ADF87CE0BDF87C70ADF8CE
:107400007C70BDF87C70A4F88070CC27ADF87C70DF
:10741000BDF87C70ADF87C70BDF87C70A4F880700D
:107420000727ADF87C70BDF87C70ADF87C70BDF8B6
:107430007C70A4F880700627ADF87C70BDF87C7075
:10744000ADF87C70BDF87C70A4F88070ADF87C203D
:10745000BDF87C70ADF87C70BDF87C70A4F88070CD
:10746000ADF87CC0BDF87C70ADF87C70BDF87C7068
:10747000A4F88070ADF87C10BDF87C70ADF87C701D
:10748000BDF87C70A4F880700D27ADF87C70BDF855
:107490007C90ADF87C90BDF87C90A4F880904FF083
:1074A0001509ADF87C90BDF87CE0ADF87CE0BDF846
:1074B0007CE0A4F880E0ADF87C60BDF87C60ADF8BD
:1074C0007C60BDF87C60A4F88060ADF87C00BDF8FD
:1074D0007C60ADF87C60BDF87C60A4F88060E1263B
:1074E000ADF87C60BDF87C60ADF87C60BDF87C6078
:1074F000A4F87E60ADF87C00BDF87C60ADF87C60DF
:10750000BDF87C60A4F88060ADF87C20BDF87C20DC
:10751000ADF87C20BDF87C20A4F88020ADF87C304C
:10752000BDF87C20ADF87C20BDF87C20A4F880203C
:10753000ADF87C70BDF87C20ADF87C20BDF87C20D7
:10754000A4F88020ADF87CC0BDF87C20ADF87C208C
:10755000BDF87C20A4F880201B22ADF87C20BDF86B
:107560007C20ADF87C20BDF87C20A4F8802071221E
:10757000ADF87C20BDF87C20ADF87C20BDF87C20E7
:10758000A4F880200622ADF87C20BDF87C20ADF860
:107590007C20BDF87C20A4F880200622ADF87C2059
:1075A000BDF87C20ADF87C20BDF87C20A4F88020BC
:1075B0000A22ADF87C20BDF87C20ADF87C20BDF817
:1075C0007C20A4F88020ADF87C10BDF87C20ADF8BC
:1075D0007C20BDF87C20A4F88020ADF87CC0BDF8EC
:1075E0007C20ADF87C20BDF87C20A4F88020ADF88C
:1075F0007C10BDF87C10ADF87C10BDF87C10A4F8B0
:107600008010ADF87C90BDF87C10ADF87C10BDF812
:107610007C10A4F880100C21ADF87C10BDF87C1013
:10762000ADF87C10BDF87C10A4F88010ADF87C009B
:10763000BDF87C10ADF87C10BDF87C10A4F880106B
:107640002A21ADF87C10BDF87C10ADF87C10BDF897
:107650007C10A4F87E10ADF87C00BDF87C10ADF86D
:107660007C10BDF87C10A4F88010ADF87C00BDF84B
:107670007C10ADF87C10BDF87C10A4F88010ADF83B
:107680007C50BDF87C10ADF87C10BDF87C10A4F8DF
:107690008010DF21ADF87C10BDF87C10ADF87C10B7
:1076A000BDF87C10A4F880102B21ADF87C10BDF83B
:1076B0007C10ADF87C10BDF87C10A4F87E10ADF8FD
:1076C0007C00BDF87C10ADF87C10BDF87C10A4F8EF
:1076D0008010ADF87C00BDF87C10ADF87C10BDF8D2
:1076E0007C10A4F88010ADF87C80BDF87C10ADF85B
:1076F0007C10BDF87C10A4F880101F21ADF87C1020
:10770000BDF87C10ADF87C10BDF87C10A4F880109A
:10771000ADF87CB0BDF87C10ADF87C10BDF87C10E5
:10772000A4F87E105521ADF87C10BDF87C10ADF8A2
:107730007C10BDF87C10A4F880103621ADF87C10C8
:10774000BDF87C10ADF87C10BDF87C10A4F87E105C
:10775000ADF87C00BDF87C00ADF87C00BDF87C0085
:10776000A4F880001120ADF87C00BDF87C00ADF8D5
:107770007C00BDF87C00A4F87E00782001F0FEFAC1
:10778000ADF87CA0BDF87C00ADF87C00BDF87C00B5
:10779000A4F87E00142001F0F1FA2C20ADF87C0052
:1077A000BDF87C00ADF87C00BDF87C00A4F87E003C
:1077B00000F09BBAE220ADF87C00BDF87C00ADF88B
:1077C0007C00BDF87C00A4F87E001D20ADF87C0094
:1077D000BDF87C00ADF87C00BDF87C00A4F880000A
:1077E000ADF87C70BDF87C00ADF87C00BDF87C0085
:1077F000A4F88000ADF87C90BDF87C00ADF87C006A
:10780000BDF87C00A4F88000642001F001FBADF815
:107810007C60BDF87C00ADF87C00BDF87C00A4F86D
:107820007E00ADF87C50BDF87C00ADF87C00BDF862
:107830007C00A4F880000A2001F0A0FAADF87C607A
:10784000BDF87C00ADF87C00BDF87C00A4F87E009B
:10785000ADF87C80BDF87C00ADF87C00BDF87C0004
:10786000A4F880000C2001F089FAADF87C50BDF836
:107870007C00ADF87C00BDF87C00A4F87E000A20F6
:1078800001F07CFAE620ADF87C00BDF87C00ADF894
:107890007C00BDF87C00A4F87E002F20ADF87C00B1
:1078A000BDF87C00ADF87C00BDF87C00A4F8800039
:1078B0004FF0FF0BADF87CB0BDF87C00ADF87C005C
:1078C000BDF87C00A4F88000ADF87CB0BDF87C0069
:1078D000ADF87C00BDF87C00A4F88000B020ADF8C5
:1078E0007C00BDF87C00ADF87C00BDF87C00A4F8FD
:1078F0007E002020ADF87C00BDF87C00ADF87C0057
:10790000BDF87C00A4F880000026ADF87C60BDF8CE
:107910007C00ADF87C00BDF87C00A4F88000ADF8D8
:107920007C80BDF87C00ADF87C00BDF87C00A4F83C
:10793000800040F21F30ADF87C00BDF87C00ADF84F
:107940007C00BDF87C00A4F88000ADF87C50BDF848
:107950007C00ADF87C00BDF87C00A4F8800040F20B
:10796000DF10ADF87C00BDF87C00ADF87C00BDF800
:107970007C00A4F88000ADF87C60BDF87C00ADF818
:107980007C00BDF87C00A4F88000B420ADF87C0039
:10799000BDF87C00ADF87C00BDF87C00A4F87E004A
:1079A000ADF87C90BDF87C00ADF87C00BDF87C00A3
:1079B000A4F8800040F21F40ADF87C00BDF87C00C8
:1079C000ADF87C00BDF87C00A4F88000ADF87C60C8
:1079D000BDF87C00ADF87C00BDF87C00A4F8800008
:1079E0002E20ADF87C00BDF87C00ADF87C00BDF821
:1079F0007C00A4F88000ADF87C60BDF87C00ADF898
:107A00007C00BDF87C00A4F88000ADF87C60BDF877
:107A10007C00ADF87C00BDF87C00A4F88000ADF8D7
:107A20007C60BDF87C00ADF87C00BDF87C00A4F85B
:107A30008000ADF87C60BDF87C00ADF87C00BDF83E
:107A40007C00A4F88000B620ADF87C00BDF87C0076
:107A5000ADF87C00BDF87C00A4F87E00ADF87C7029
:107A6000BDF87C00ADF87C00BDF87C00A4F8800077
:107A70004FF40370ADF87C00BDF87C00ADF87C00DD
:107A8000BDF87C00A4F88000ADF87C60BDF87C00F7
:107A9000ADF87C00BDF87C00A4F880001720ADF89C
:107AA0007C00BDF87C00ADF87C00BDF87C00A4F83B
:107AB00080001520ADF87C00BDF87C00ADF87C009E
:107AC000BDF87C00A4F88000ADF87C60BDF87C00B7
:107AD000ADF87C00BDF87C00A4F88000ADF87C60B7
:107AE000BDF87C00ADF87C00BDF87C00A4F88000F7
:107AF000F020ADF87C00BDF87C00ADF87C00BDF84E
:107B00007C00A4F87E00ADF87C80BDF87C00ADF868
:107B10007C00BDF87C00A4F88000ADF87CA0BDF826
:107B20007C00ADF87C00BDF87C00A4F87E00D0207D
:107B3000ADF87C00BDF87C00ADF87C00BDF87C00A1
:107B4000A4F87E00ADF87C60BDF87C00ADF87C0048
:107B5000BDF87C00A4F88000BE21ADF87C10BDF813
:107B60007C00ADF87C00BDF87C00A4F87E00052008
:107B7000ADF87C00BDF87C20ADF87C20BDF87C2001
:107B8000A4F88020FE22ADF87C20BDF87C20ADF862
:107B90007C20BDF87C20A4F88020ADF87C50BDF896
:107BA0007C20ADF87C20BDF87C20A4F88020ADF8C6
:107BB0007C60BDF87C20ADF87C20BDF87C20A4F86A
:107BC0008020ADF87C60BDF87C20ADF87C20BDF84D
:107BD0007C20A4F88020ADF87C60BDF87C20ADF856
:107BE0007C20BDF87C20A4F88020B822ADF87C2051
:107BF000BDF87C20ADF87C20BDF87C20A4F87E2068
:107C0000ADF87C80BDF87C20ADF87C20BDF87C20F0
:107C1000A4F88020ADF87C50BDF87C20ADF87C2025
:107C2000BDF87C20A4F88020BA22ADF87C20BDF8F5
:107C30007C20ADF87C20BDF87C20A4F87E20ADF837
:107C40007C50BDF87C20ADF87C20BDF87C20A4F8E9
:107C50008020ADF87C10BDF87C10ADF87C10BDF82C
:107C60007C10A4F87E10ADF87C00BDF87C00ADF867
:107C70007C00BDF87C00A4F880009FED330B51EC34
:107C8000100BF8F79DFAADF87C00BDF87C00ADF85C
:107C90007C00BDF87C00A4F88000ADF87C50BDF8F5
:107CA0007C00ADF87C00BDF87C00A4F88000ADF845
:107CB0007CB0BDF87C00ADF87C00BDF87C00A4F879
:107CC0008000ADF87C60BDF87C00ADF87C00BDF8AC
:107CD0007C00A4F88000ADF87C60BDF87C00ADF8B5
:107CE0007C00BDF87C00A4F880000020F8F734FE8A
:107CF0001748C0F8BC52174F4FF6FF76388879887E
:107D000001FB00F50021084600F0A0F93889A4F82D
:107D10007E00002D04BF21B0BDE8F08F15F00100FA
:107D200018BFA4F88060A84224BF21B0BDE8F08F3E
:107D3000A4F88060A4F88060801CA842F8D321B029
:107D4000BDE8F08F00000000FFFFFFFFFFDF6F4086
:107D5000008040427400002038B4BB4B00211A461A
:107D600093F806C0928841F66314BCF1010F05D068
:107D7000BCF1000F08BFA24202D009E0A24207D026
:107D8000082805D2DFE800F0161812140C19100E9E
:107D9000082812D2DFE800F0110406080A0C0E10C1
:107DA00080210AE0402108E0C02106E0202104E013
:107DB000602102E0A02100E0E02145F21055AA4236
:107DC0000CBF4FF4585C4FF0360CA2F5134041380D
:107DD0001FBFA2F5EE40B0F18900A2F5EC40B0F56E
:107DE000CB7008BF41F008014FF0D840A0F87EC02A
:107DF000A0F88010A2420ED011F0200F9249B1F8E5
:107E000002C0098802D08C4505D901E0614502D93C
:107E1000A3F800C05980DFF830C20024AA42BCF8A1
:107E20000C10BCF80AC0ADF800C0BDF80020ADF8D9
:107E30000020BDF80020A0F87E20ADF80040BDF87D
:107E40000020ADF80020BDF80020A0F880207DD1F2
:107E50000CF10102ADF80020BDF80020ADF80020C3
:107E6000BDF80020A0F87E20ADF80040BDF800204D
:107E7000ADF80020BDF80020A0F880200CF102022F
:107E8000ADF80020BDF80020ADF80020BDF80020BE
:107E9000A0F87E201A88521E150AADF80050BDF8D1
:107EA0000050ADF80050BDF80050A0F880500CF123
:107EB000030CADF800C0BDF800C0ADF800C0BDF8BF
:107EC00000C0A0F87EC0D2B2ADF80020BDF80020FE
:107ED000ADF80020BDF80020A0F88020ADF800101B
:107EE000BDF80020ADF80020BDF80020A0F87E20ED
:107EF000ADF80040BDF80020ADF80020BDF800202E
:107F0000A0F880204A1CADF80020BDF80020ADF894
:107F10000020BDF80020A0F87E20ADF80040BDF89C
:107F20000020ADF80020BDF80020A0F880208A1CB9
:107F3000ADF80020BDF80020ADF80020BDF800200D
:107F4000A0F87E205A88521E130A00E021E0ADF806
:107F50000030BDF80030ADF80030BDF80030A0F8BA
:107F60008030C91CADF80010BDF80010ADF800104D
:107F7000BDF80010A0F87E10D1B2ADF80010BDF829
:107F80000010ADF80010BDF80010A0F8801038BC4B
:107F90007047ADF80040BDF80020ADF80020BDF8F6
:107FA0000020A0F880201A88521E4FEA122CADF84B
:107FB00000C0BDF800C0ADF800C0BDF800C0A0F81A
:107FC00080C0D2B2ADF80020BDF80020ADF800208E
:107FD000BDF80020A0F88020ADF80010BDF800101A
:107FE000ADF80010BDF80010A0F87E10ADF800400C
:107FF000BDF80010ADF80010BDF80010A0F880101A
:10800000ADF80040BDF80010ADF80010BDF800104C
:10801000A0F880105988491E0A0AADF80020BDF862
:108020000020ADF80020BDF80020A0F88020C9B2E3
:10803000ADF80010BDF80010ADF80010BDF800104C
:10804000A0F8801038BC7047740000202DE9F803B8
:10805000DFF894C20C0A6246BCF804809389070AD0
:10806000CDB25289A8F5C859C6B24FF0D841B9F17E
:10807000630942D0A8F5AA401038ADF80020BDF839
:108080000000ADF80000BDF80000A1F87E00ADF8DA
:108090000070BDF80000ADF80000BDF80000A1F8C8
:1080A00080007CD0ADF80060BDF80000ADF80000A5
:1080B000BDF80000A1F88000ADF80030BDF8000068
:1080C000ADF80000BDF80000A1F87E00ADF800405A
:1080D000BDF80000ADF80000BDF80000A1F8800078
:1080E000ADF80050BDF80000ADF80000BDF800008C
:1080F000A1F88000BDE8F8037047DFF8EC819CF838
:108100000690B8F80080B9F1000F72D0ADF80020E9
:10811000BDF80000ADF80000BDF80000A1F87E0039
:10812000ADF80070BDF80000ADF80000BDF800002B
:10813000A1F88000ADF80060BDF80000ADF80000C7
:10814000BDF80000A1F88000A8F10100020AADF816
:108150000020BDF80020ADF80020BDF80020A1F8F7
:108160008020C0B2ADF80000BDF80000ADF80000FE
:10817000BDF80000A1F88000ADF80030BDF80000A7
:10818000ADF80000BDF80000A1F87E00ADF8004099
:10819000BDF80000ADF80000BDF8000000E062E0AE
:1081A000A1F88000ADF80050BDF80000ADF8000067
:1081B000BDF80000A1F88000BCF80200401E020AD1
:1081C000ADF80020BDF80020ADF80020BDF800207B
:1081D000A1F88020C0B2ADF80000BDF80000ADF8F5
:1081E0000000BDF80000A1F88000BDE8F80370476A
:1081F000FFE7A8EB0000401E80B2ADF80020BDF8FC
:108200000020ADF80020BDF80020A1F87E2000225B
:10821000ADF80020BDF80060ADF80060BDF800606A
:10822000A1F88060ADF80020BDF80020ADF8002076
:10823000BDF80020A1F88020020AADF80020BDF8AA
:108240000020ADF80020BDF80020A1F88020C0B2C9
:10825000ADF80000BDF80000ADF80000BDF800006A
:10826000A1F8800088E7501CADF80000BDF80000C0
:10827000ADF80000BDF80000A1F87E00ADF8006088
:10828000BDF80000ADF80000BDF80000A1F88000C6
:10829000ADF80030BDF80000ADF80000BDF80000FA
:1082A000A1F87E00ADF80040BDF80000ADF8000078
:1082B000BDF80000A1F88000581CADF80000BDF822
:1082C0000000ADF80000BDF80000A1F87E00ADF898
:1082D0000050BDF80000ADF80000BDF80000A1F8A6
:1082E0008000BDE8F8037047740000202DE9FF4FBF
:1082F00088B01E46DDF854B00C46884613F00700DF
:1083000018BF012000EBD600710810FB01F0C1B2CC
:108310000191002100910199A2F12000C0B2002931
:108320009CBF0CB0BDE8F08F00EB4001334ADFF892
:10833000D0A002EB8101049102F2744101EB001123
:10834000039100EBC00002F6642101EB8000DFF82E
:10835000B49002900C2E15D0102E17D0182E1CBFE2
:108360000CB0BDE8F08F00990298455C5FF0000703
:1083700015F0800F0ED0BAF8002021460898F8F7C3
:108380005FFB10E000990498455CEFE700990398C3
:10839000455CEBE7BBF1000F05D1BAF8022021469E
:1083A0000898F8F74DFB6806050E601C84B2B9F812
:1083B0000200A0429CBF0CB0BDE8F08FA4EB080007
:1083C000B0420CD108984446401C80B20890B9F8DD
:1083D000001081429CBF0CB0BDE8F08F03E0781C18
:1083E000C7B2082FC4D30098401CC0B20146009009
:1083F00001988842AED80CB0BDE8F08FB490000868
:108400000C000020740000202DE9FF4F4FF0000603
:1084100081B01D0091468046344604BF05B0BDE8DA
:10842000F08FA5F1010A0E984FF0000B4708281BAA
:10843000401E0A22C0B20121031EA0F101000ADD84
:1084400010F0010F08BF0A21401C401003D0514317
:108450005143401EFBD1B9FBF1F01649A1FB0021AD
:10846000C908494201EB810100EB41002EB9544596
:1084700003DA002818BF012611D03030C2B207FB42
:10848000048080B2CDF800B00E9B0299FFF72EFF5A
:10849000601CC4B2AC42CAD305B0BDE8F08F07FB84
:1084A000048080B2CDF800B020220E9B0299FFF725
:1084B0001DFFEDE7CDCCCCCC2DE9F84F044600F004
:1084C000FF08DDE90A7510190E461FFA80FA98199F
:1084D0001FFA80F9287820385E2894BF4FF0000BEF
:1084E000BDE8F88FA24502D8F019444686B2B145DE
:1084F00098BFBDE8F88FCDF800B02A783B463146EA
:108500002046FFF7F3FE04EB570084B215F8010F85
:1085100020385E28E6D9BDE8F88F00002DE9F04349
:108520008146012187B0084600F024F9012102208C
:1085300000F020F90121480400F034F902258DF8FB
:1085400004508DF8055000243B4F4FF00C088DF877
:1085500006400126CDF800808DF807606946384650
:10856000F8F7DCF8072202213846F8F724F9072249
:1085700003213846F8F71FF94FF440708DF8046076
:108580002E4F00908DF806408DF80740694638461A
:10859000F8F7C4F8802000908DF804408DF807604B
:1085A00069463846F8F7BAF8ADF80C40ADF80E4019
:1085B000ADF81040ADF81440214CCDF80890ADF85E
:1085C000128002A9204600F04FFB26208DF81800EB
:1085D0008DF819508DF81A508DF81B6006A800F020
:1085E00085F8012240F22551204600F024FB0121AC
:1085F000204600F0EAFAA1153846F8F7F4F86115BC
:108600003846F8F7F0F880213846F8F7E5F8002802
:108610000EBF0C4C07B0BDE8F08380213846F8F758
:10862000DBF800281CBF07B0BDE8F083641EF4D15E
:1086300007B0BDE8F08300000000024000040240E3
:10864000004400409F8601002DE9F041DFF8908052
:108650000E460746642480214046F8F7BDF870B9FD
:1086600003E0002C08BFBDE8F0810120641E00F08B
:1086700085FB80214046F8F7AFF80028F1D00024B0
:10868000184D002E0DD98021284600F0A7FA0028A9
:10869000F9D0395D284600F047FB601C84B2B44233
:1086A000F1D34021284600F099FA0028F9D04FF480
:1086B000FA7480214046F8F78FF828B1BDE8F081C0
:1086C000002C08BFBDE8F0810120641E00F056FBBD
:1086D00080214046F8F780F80028F1D0BDE8F0810D
:1086E0000004024000440040FEE7704710B4C27826
:1086F00001780F244FF0010C0AB3174A126801F1F8
:10870000E02102F4E062C2F5E062C2F30722C2F1A6
:108710000403D44042789A40837823401A431201DC
:1087200081F80024007800F01F010CFA01F14009E3
:10873000800000F1E020C0F8001110BC704701F08B
:108740001F000CFA00F04909890001F1E021C1F88D
:10875000800110BC704700000CED00E0034940F0C0
:10876000FD7040F080600860704700000CED00E094
:1087700070470000044A0029116814BF084321EA29
:10878000000010607047000030380240044A0029A1
:10879000116814BF084321EA000010607047000010
:1087A00038380240044A0029116814BF084321EAFE
:1087B000000010607047000040380240044A002961
:1087C000116814BF084321EA0000106070470000E0
:1087D00044380240044A0029116814BF084321EAC2
:1087E000000010607047000024380240254A30B471
:1087F0001168254B11F00C0106D05C10042908BF4C
:10880000046002D008291ED0036011680F2303EA18
:1088100011111E4B595CD0F800C02CFA01F14160D7
:10882000D2F800C0072404EA9C2C13F80CC021FAEB
:108830000CFCC0F808C0126804EA52329A5CD140BD
:10884000C16030BC70471249D1F800C0CCF38055EC
:10885000D1F800C0002D0CF03F0C14BFB4FBFCF3AA
:10886000B3FBFCF3D1F800C00968CCF3881C03FB10
:108870000CF3C1F30141491C4900B3FBF1F1016064
:10888000C3E70000083802400024F4002100002063
:10889000043802407047000070B500252C460121C5
:1088A0000420F7F7BBFF0544052000F067FA601CC1
:1088B000C4B20A2CF3D30D48A0FB0510C0F3CF00BF
:1088C000B0F57A6F88BF4FF47A6004D8B0F5FA7FBC
:1088D00038BF4FF4FA70C0F57A606421484340F61F
:1088E000AC51B0FBF1F080B270BD0000CDCCCCCC6F
:1088F00000B5012183B00846FFF73CFF102000902F
:1089000003208DF8040000208DF807006946024816
:10891000F7F704FF03B000BD000002404FF0E02174
:10892000042808690CBF40F0040020F0040008612E
:1089300070477047374882B0016841F470010160A8
:108940003548016841F001010160344900230B60A2
:10895000026822F4102222F08072026000F1040CFE
:108960002F4ACCF80020026822F4802202600A1DFF
:10897000136001930093026842F48032026002683F
:1089800002F400320092019A521C0192009A1AB924
:10899000019AB2F5A04FF2D1026812F4003F08BF6D
:1089A000009331D0012200921E4A136843F0805395
:1089B00013601D4A136843F4404313600A680A6059
:1089C0000A6842F400420A600A6842F4A0520A604F
:1089D000164ACCF80020026842F0807202600268F9
:1089E00012F0007FFBD0124A40F205701060086858
:1089F00020F003000860086840F002000860086882
:108A000000F00C000828FAD10A494FF00060086015
:108A100002B0704788ED00E000380240083802409C
:108A200010300024403802400070004008544007D5
:108A3000003C024008ED00E070B5264C40F22551A4
:108A4000204600F0D2F8002808BF70BD204600F094
:108A500067F9214900F0FF0C00220D780120CB1CA2
:108A600025B1012D0ED0022D1ED016E0BCF12C0F29
:108A700018BF4A7011D14A7803F802C0521C4A70DC
:108A800008700AE0487803F800C0401CC0B2487083
:108A9000062824BF4A700220F2D22046BDE870406A
:108AA00040F2255100F08AB893F800C05D78DE7876
:108AB000AC449D783544AC441D795B79AC440CF0F2
:108AC000FF0C9C4508BF0A704A7014BF0A7088707A
:108AD000E3E70000001001401000002010B5124C28
:108AE00040F22551204600F080F8002808BF10BD54
:108AF000204600F015F90D4BC1B21878802807D236
:108B00001A780B4800EB020C501C18708CF80010FF
:108B1000FE2904BF0120587040F225512046BDE8CF
:108B2000104000F04BB80000004400401E00002040
:108B30008200002070B51E4C40F22551204600F006
:108B400054F8002808BF70BD204600F0E9F8194924
:108B5000C3B2002091F805C00125174ABCF1000FEF
:108B600003D0BCF1010F0AD01AE0AA2B18D1C870AB
:108B7000C8780244401CC87013704D7110E091F821
:108B800003C002EB0C060CF1010C81F803C033703A
:108B9000CB78042B04D3D278BB2A08BF0D7148715F
:108BA0002046BDE8704040F2255100F007B80000B3
:108BB000004800400000002034000020090A012283
:108BC00002FA01F1C943018070470029818914BF6D
:108BD00041F4005121F40051818170470246002088
:108BE00012880A4218BF0120704710B401F01F021A
:108BF00001240023C1F3421C04FA02F2BCF1010F6C
:108C000004BFB0F80CC00CEA020208D0BCF1020F9D
:108C10000CBFB0F810C0B0F814C00CEA0202090A88
:108C2000008804FA01F10840002A1CBF0028012333
:108C3000184610BC7047C1F3421301F01F014FF0FA
:108C4000010C0CFA01F1012B08BF0C3003D0022BF0
:108C50000CBF10301430002A026814BF114322EAFE
:108C6000010101607047000030B50446008A85B0FC
:108C70000D46C98820F4405008432082A089A98865
:108C80002A8920F4037011436A8920F4A05010430C
:108C90000843A081A08AA98920F440700843A082DB
:108CA0006846FFF7A3FDA4F18040B0F588301BBFF4
:108CB000A4F18040B0F58A3003980298A18911F49C
:108CC000004F00EBC00101EB0010296814BF490000
:108CD0008900B0FBF1F0114A6FF0180CA2FB0031D3
:108CE000490909010B0903FB0CF300EB8300A3897D
:108CF00013F4004F4FF0320314BF03EBC00003EB3B
:108D00000010A2FB00204FEA501014BF00F0070033
:108D100000F00F000843208105B030BD1F85EB51E6
:108D20008088C0F308007047C1F308018180704754
:108D3000FEE702E008C8121F08C1002AFAD17047F6
:108D40007047002001E001C1121F002AFBD17047CB
:108D500010B504466FF00400FFF7E0FD0648E10897
:108D600001EB41020170C2EBC1114FF6FF7202EA42
:108D7000C101418010BD00001A0000204FF40771AE
:108D8000B0FBF1F212F0FF0CB0FBF1F270B401FB9A
:108D900012041E4E4FF000034FF0E0201BD07188EC
:108DA0004FF4077201FB02F545618361016941F0EF
:108DB00001010161016911F0010F02D011F4803F3E
:108DC000F8D0016921F0010101618361ACF1010179
:108DD00011F0FF0CE8D1002C04BF70BC7047718803
:108DE000614341618361016941F0010101610169F0
:108DF00011F0010F02D011F4803FF8D0016921F089
:108E000001010161836170BC704700001A000020FD
:108E10000C49097841434FF0E02041610023836110
:108E2000016941F001010161016911F0010F02D0F6
:108E300011F4803FF8D0016921F0010101618361E3
:108E4000704700001A00002084B0A820FFF780FFC0
:108E50004FF4A060FFF782FCF7F716FF4FF41650AF
:108E6000FFF75CFBF7F78AFA4FF41650F7F708FDA7
:108E7000FFF73EFD052418250CE076A0CDE9005053
:108E80000A21142380220846FFF716FB4FF47A705C
:108E9000FFF774FFF7F7D0FA10B1611ECCB2ECD235
:108EA00064B96FA0CDE900501423802219460A202E
:108EB000FFF702FB4FF47A70FFF760FF6C4F6D4EC7
:108EC00040F6FF784FF0AF094FF0060A4FF0000B65
:108ED0005C460520F7F78AFC83440320FFF74EFF2A
:108EE000601CC4B20A2CF4D3A7FB0B10C0F3CF0054
:108EF000708164214843B0FBF8F0B071FFF7CCFCFF
:108F0000B0705D48F7F786FA5C49481EF7F7FAFA41
:108F10005BA0CDE900501423482278211E20FFF7E2
:108F2000CBFA0095032332897821C820FFF76CFA29
:108F300055A0CDE90050142332227821F020FFF70C
:108F4000BBFA52A0CDE9005014238022A0211E209C
:108F5000FFF7B2FA009503233278A021C820FFF76B
:108F600053FA4CA0CDE9005014231E22A021F0207A
:108F7000FFF7A2FA48A0CDE9005014238022C821AF
:108F80001E20FFF799FA0095C8210323727808463E
:108F9000FFF73AFA42A0CDE9005014231E22C8215F
:108FA000F020FFF789FA3FA0CDE90050142380227A
:108FB000F0211E20FFF780FA00950323B279F021FB
:108FC000C820FFF721FA36A0CDE90050F021142384
:108FD0001E220846FFF770FA34A0CDE90050142392
:108FE00080224FF48C711E20FFF766FA0095032350
:108FF000B2784FF48C71C820FFF706FA28A0CDE9AB
:10900000005014231E224FF48C71F020FFF754FA05
:109010008DF800908DF801A03089010A8DF80210BA
:109020008DF8030030788DF8040070788DF8050015
:10903000B0798DF80600B0788DF80700FE208DF825
:10904000080009216846FFF7FFFA4FF4FA70FFF7AE
:1090500095FE3BE7444854313120726574727900C3
:109060004448543131206572726F72210000000053
:10907000CDCCCCCC00000020080000200100002056
:10908000434F323A0000000070706D0054656D70FF
:109090003A0000004300000048756D693A00000086
:1090A000250000004C696768743A0000536F696CD2
:1090B0003A00000000000000000000000000000076
:1090C000000000003F4000000000000000003000F1
:1090D000400030004000000009000BC03D000BC004
:1090E0003D00090018C024407FE02240318000008C
:1090F000180024C01B000D803240018003801C40FA
:1091000027401C8007400040100060000000000065
:10911000000000000000000000001F8020404020F0
:109120000000402020401F800000000009000600D1
:109130001F80060009000000040004003F800400B6
:1091400004000000001000600000000000000000AB
:1091500004000400040004000400000000000040BB
:109160000000000000000000002001C006003800E0
:10917000400000001F802040204020401F80000051
:10918000000010403FC000400000000018C0214017
:1091900022402440184000001080204024402440F9
:1091A0001B80000002000D0011003FC001400000C4
:1091B0003C80244024402440238000001F80244021
:1091C00024403440038000003000200027C03800D5
:1091D000200000001B802440244024401B8000000D
:1091E0001C0022C0224022401F800000000000001E
:1091F00008400000000000000000000004600000C3
:1092000000000000000004000A001100208040401F
:1092100009000900090009000900000000004040A1
:10922000208011000A0004001800200023402400C0
:10923000180000001F802040274029401F400000E8
:10924000004007C039000F0001C0004020403FC06F
:10925000244024401B8000001F80204020402040EC
:109260003080000020403FC0204020401F80000090
:1092700020403FC024402E4030C0000020403FC06E
:1092800024402E00300000000F00108020402240BB
:109290003380020020403FC0040004003FC0204053
:1092A000204020403FC0204020400000006020209F
:1092B00020203FC02000200020403FC024400B0061
:1092C00030C0204020403FC020400040004000C04F
:1092D0003FC03C0003C03C003FC0000020403FC0F6
:1092E0000C4023003FC020001F8020402040204031
:1092F0001F80000020403FC02440240018000000D0
:109300001F802140214020E01FA0000020403FC0DE
:109310002440260019C0004018C0244024402240A8
:1093200031800000300020403FC02040300000006D
:1093300020003F80004000403F80200020003E0091
:1093400001C0070038002000380007C03C0007C0FB
:1093500038000000204039C0060039C0204000001D
:109360002000384007C0384020000000304021C0B5
:109370002640384020C00000000000007FE0402070
:1093800040200000000070000C000380004000003E
:109390000000402040207FE000000000000020008E
:1093A000400020000000000000100010001000101D
:1093B000001000100000000040000000000000004D
:1093C000000002800540054003C0004020003FC06F
:1093D0000440044003800000000003800440044077
:1093E0000640000000000380044024403FC00040CD
:1093F00000000380054005400340000000000440D9
:109400001FC0244024402000000002E00550055009
:109410000650042020403FC00440040003C0004028
:109420000000044027C000400000000000100010B1
:10943000041027E00000000020403FC0014007006A
:1094400004C00440204020403FC0004000400000D5
:1094500007C0040007C0040003C00000044007C0A8
:109460000440040003C000400000038004400440A6
:1094700003800000041007F0045004400380000043
:10948000000003800440045007F00010044007C0AF
:1094900002400400040000000000064005400540B2
:1094A00004C00000000004001F80044000400000D1
:1094B000040007800040044007C00040040007008B
:1094C00004C0018006000400060001C0070001C0BE
:1094D00006000000044006C0010006C00440000071
:1094E0000410071004E0018006000400000004409E
:1094F00005C00640044000000000000004007BE0BE
:1095000040200000000000000000FFF0000000000C
:10951000000040207BE004000000000040008000CC
:10952000400020002000400000000000000000007B
:1095300000000000000000000000000000001FCC40
:10954000000C000000000000000008003000600077
:109550000800300060000000022003FC1E200220F2
:1095600003FC1E200220000000000E1811043FFF23
:1095700010840C78000000000F0010840F3800C029
:10958000077818840078000000780F8410C4112434
:109590000E9800E4008400080800680070000000D5
:1095A000000000000000000000000000000007E0D4
:1095B000181820044002000000004002200418187F
:1095C00007E00000000000000240024001800FF0B0
:1095D00001800240024000000080008000800FF8FF
:1095E00000800080008000000001000D000E0000DF
:1095F00000000000000000000000008000800080EB
:1096000000800080008000800000000C000C000042
:1096100000000000000000000000000600180060CC
:109620000180060018002000000007F00808100460
:109630001004080807F000000000080408041FFCDC
:10964000000400040000000000000E0C10141024A0
:10965000104411840E0C000000000C1810041104BA
:10966000110412880C700000000000E003200424A4
:1096700008241FFC0024000000001F98108411041F
:109680001104108810700000000007F00888110411
:10969000110418880070000000001C00100010FC6D
:1096A00013001C001000000000000E38114410844C
:1096B000108411440E38000000000700088C10448C
:1096C0001044088807F00000000000000000030CB0
:1096D000030C000000000000000000000001010673
:1096E0000000000000000000000000800140022097
:1096F00004100808100400000220022002200220AA
:1097000002200220022000000000100408080410BB
:10971000022001400080000000000E001200100C2A
:10972000106C10800F00000003E00C1813E41424E8
:1097300017C4082807D000000004003C03C41C40E4
:10974000074000E4001C000410041FFC1104110475
:1097500011040E880070000003E00C1810041004BF
:10976000100410081C10000010041FFC100410044A
:109770001004080807F0000010041FFC1104110475
:1097800017C410040818000010041FFC1104110075
:1097900017C010000800000003E00C1810041004AB
:1097A00010441C780040000010041FFC108400804E
:1097B000008010841FFC10040000100410041FFC23
:1097C000100410040000000000030001100110014B
:1097D0001FFE10001000000010041FFC1104038085
:1097E0001464181C1004000010041FFC1004000472
:1097F00000040004000C000010041FFC1F0000FC0B
:109800001F001FFC1004000010041FFC0C040300C8
:1098100000E010181FFC100007F0080810041004E6
:109820001004080807F0000010041FFC10841080CA
:10983000108010800F00000007F00818102410247A
:10984000101C080A07F2000010041FFC110411008C
:1098500011C011300E0C000400000E1C1104108405
:10986000108410441C3800001800100010041FFC65
:10987000100410001800000010001FF8100400046D
:10988000000410041FF8100010001E0011E0001C5E
:10989000007013801C0010001FC0103C00E01F006F
:1098A00000E0103C1FC000001004180C163401C06A
:1098B00001C01634180C100410001C00130400FC26
:1098C00013041C00100000000804101C1064108415
:1098D00013041C04101800000000000000007FFEAC
:1098E0004002400240020000000030000C000380F3
:1098F0000060001C00030000000040024002400223
:109900007FFE00000000000000000000200040007A
:1099100040004000200000000001000100010001A3
:109920000001000100010001000040004000200093
:109930000000000000000000000000980124014425
:109940000144014400FC000410001FFC00880104D5
:10995000010400880070000000000070008801040D
:109960000104010400880000000000700088010468
:10997000010411081FFC0004000000F80144014428
:109980000144014400C800000000010401040FFC70
:109990001104110411001800000000D6012901294A
:1099A000012901C90106000010041FFC0084010008
:1099B0000100010400FC000400000104190419FC6A
:1099C0000004000400000000000000030001010189
:1099D000190119FE0000000010041FFC00240040C3
:1099E00001B4010C010400000000100410041FFC6D
:1099F0000004000400000000010401FC0104010057
:109A000001FC0104010000FC010401FC00840100D0
:109A10000100010400FC0004000000F8010401043E
:109A20000104010400F80000010101FF00850104A8
:109A3000010400880070000000000070008801042C
:109A40000104010501FF00010104010401FC00847F
:109A50000104010001800000000000CC0124012469
:109A6000012401240198000000000100010007F812
:109A70000104010400000000010001F800040004DA
:109A80000004010801FC0004010001800170000CC9
:109A9000001001600180010001F0010C003001C0E4
:109AA0000030010C01F0010000000104018C007481
:109AB0000170018C01040000010101810171000E9F
:109AC000001801600180010000000184010C0134D4
:109AD00001440184010C00000000000000000000AF
:109AE00001003EFC400240020000000000000000B7
:109AF000FFFF0000000000000000400240023EFCAA
:109B000001000000000000000000600080008000F4
:109B10004000400020002000000000000000000085
:109B20000000000000000000000000000000000035
:109B30000000000000000000000000000000000025
:109B400000000000000000000000000F80380FFE41
:109B5000380F803800000000000000000000000006
:109B60000000000000000100000600000C000038AA
:109B700000003100000600000C000038000030003A
:109B8000000000000000000061800067F807F98015
:109B90000061800061800061800061800067F807DB
:109BA000F98000618000000000000000000001C09A
:109BB000E003E0F00630080418081FFFFE040E085A
:109BC0000787F00381E000000000000001F00006BC
:109BD0000C00040408060C7001F9C0000E00003BE4
:109BE000E000EC18070808040C180003E00000006F
:109BF0000001E00007F003F818041C080417080728
:109C0000E1D003C0E00023B0003C080020080000C1
:109C100010000000000000010000310000320000D0
:109C20001C00000000000000000000000000000018
:109C30000000000000000000000000000000000024
:109C400000000000000000007F0001FFC00780F05E
:109C50000C0018100004200002000000000000208A
:109C600000021000040C00180780F001FFC0007F04
:109C700000000000000000000000000000000000E4
:109C8000000000004200006600006600003C00008A
:109C9000180003FFC0001800003C000066000066CA
:109CA000000042000000000008000008000008005A
:109CB00000080000080001FFC000080000080000C4
:109CC000080000080000080000000000000100007B
:109CD0003100003200001C00000000000000000005
:109CE0000000000000000000000000000000000074
:109CF0000800000800000800000800000800000834
:109D00000000080000080000080000080000000033
:109D1000000000000000000038000038000038009B
:109D20000000000000000000000000000000000033
:109D30000000000000000000000600001C00007091
:109D4000000180000E0000380000C0000700001C69
:109D50000000300000000000000000007F8001FFD4
:109D6000E0038070060018040008040008060018CC
:109D700003807001FFE0007F800000000000000011
:109D8000000001000801000801000803FFF807FFB8
:109D9000F8000008000008000008000000000000B3
:109DA00000000001C03802C05804009804011804E3
:109DB0000218040418061C1803F81801E0F8000043
:109DC0000000000000000001C0E003C0F004000833
:109DD00004080804080806180803F41801E7F0004E
:109DE00001E0000000000000000000000300000D82
:109DF0000000110000610000810803010807FFF85E
:109E00000FFFF8000108000108000000000000003A
:109E100000E007FCD0060808061008061008061027
:109E200008061838060FF00607C000000000000002
:109E3000000000003F8001FFE003843002081804A6
:109E40001008041008041008071810030FF000078A
:109E5000C000000000000000000003C00007000078
:109E60000600000600F80607F806180006E00007DE
:109E7000000006000000000000000001E1E003F720
:109E8000F0063410041808041808040C08040C0820
:109E900006161803F3F001C1E00000000000000006
:109EA000F80003FC30030638040208040208040228
:109EB000080404100308F001FFC0007F0000000048
:109EC0000000000000000000000000000000000092
:109ED000703800703800703800000000000000008A
:109EE0000000000000000000000000000000000072
:109EF00000000000301A00301C00000000000000CC
:109F00000000000000000000000000000000000849
:109F10000000140000220000410000808001004089
:109F200002002004001008000800000000000000EB
:109F3000210000210000210000210000210000215B
:109F4000000021000021000021000021000000008D
:109F500000000000000008000804001002002001BA
:109F60000040008080004100002200001400000832
:109F70000000000000000003C00004C00004000056
:109F8000080038080F380808380810000C3000079F
:109F9000E00003C000000000000000003F8000FF60
:109FA000E0038070020F1006708804C088048308E4
:109FB000047F8802C09003012000FE4000000800DA
:109FC00000180001F8003E0801C20007020007E285
:109FD0000000FE00001FC80001F800003800000863
:109FE00004000807FFF807FFF8040808040808043D
:109FF000080804080806180803F41801E7F000012F
:10A00000E0000000000000003F8001FFE0038070DE
:10A0100002001804000804000804000804001006E8
:10A0200000200780C000000004000807FFF807FFB9
:10A03000F8040008040008040008040018020010D6
:10A0400003807001FFE0007F80000000040008072B
:10A05000FFF807FFF80408080408080408080408C3
:10A0600008043E0804000806001801006000000013
:10A0700004000807FFF807FFF804080804080004B4
:10A080000800040800043E000600000600000180ED
:10A0900000000000000000003F8001FFE00380702E
:10A0A0000600180400080402080402080203F0076E
:10A0B00083F000020000020004000807FFF807FF19
:10A0C000F804080800080000080000080000080064
:10A0D00004080807FFF807FFF80400080000000064
:10A0E000000004000804000804000807FFF807FF48
:10A0F000F804000804000804000800000000000044
:10A100000000000000060000070000010400010438
:10A11000000104000307FFFE07FFFC040000040029
:10A120000004000004000807FFF807FFF8040C080B
:10A13000001800003E0004C7800503C80600F804AC
:10A14000003804001800000804000807FFF807FFA3
:10A15000F8040008000008000008000008000008DB
:10A16000000008000018000060000000040008075C
:10A17000FFF807800807FC00007FC00003F8000715
:10A18000C000780007800807FFF807FFF804000800
:10A1900004000807FFF807000803C00000E0000003
:10A1A0003800001E000007000001C00400F007FF97
:10A1B000F8040000000000007F8001FFE0038070D1
:10A1C0000600180400080400080600180300300107
:10A1D000FFE0007F8000000004000807FFF807FF91
:10A1E000F804040804040004040004040004040047
:10A1F000060C0003F80001F0000000000000000061
:10A200007F8001FFE003807006008804008804005E
:10A21000C806003C03003E01FFE6007F840000000A
:10A2200004000807FFF807FFF80408080408000402
:10A230000C00040F00040BC00610F003F03801E01E
:10A240000800000800000001E0F803F030063010BC
:10A25000041808041808040C08040C080206180264
:10A2600007F00781E0000000018000060000040004
:10A270000004000004000807FFF807FFF8040008C6
:10A280000400000400000600000180000400000734
:10A29000FFE007FFF00400180000080000080000BD
:10A2A0000800000800000804001007FFE004000098
:10A2B00004000006000007E00007FE00041FE000A5
:10A2C00001F80000380001E0043E0007C00006006D
:10A2D0000004000004000007E00007FFC0041FF8AE
:10A2E0000007C007F80007FF80043FF80007C0041C
:10A2F000F800070000040000000000040008060049
:10A300001807C07805F1C8003E00001F800463E80C
:10A310000780F8060018040008000000040000068A
:10A32000000007800007E008047C08001FF8000711
:10A33000F800180804E00807000006000004000008
:10A340000000000100080600380400F80403E804D7
:10A350000F08047C0805F00807C00807001804006F
:10A36000600000000000000000000000000000008D
:10A370000000003FFFFE200002200002200002201B
:10A3800000022000020000000000000000000800A1
:10A390000007000000C0000038000006000001C0F7
:10A3A00000003000000E000001000000000000006E
:10A3B00000002000022000022000022000022000F5
:10A3C000023FFFFE0000000000000000000000004F
:10A3D0000000000000000000000800001000003035
:10A3E0000000200000300000100000080000000005
:10A3F0000000000000000100000100000100000159
:10A400000000010000010000010000010000010047
:10A410000001000001000001000000000000000039
:10A4200000200000200000100000100000000000CC
:10A43000000000000000000000000000000000001C
:10A4400000F00019F8001B1800220800260800245C
:10A4500008002410003FF8001FF800000800001852
:10A4600000000004000007FFF80FFFF000181800BC
:10A470001008002008002008003018001FF0000F0E
:10A48000C00000000000000007C0001FF0001830EE
:10A49000002008002008002008003C08001C1000D4
:10A4A00000600000000000000000000007C0001F66
:10A4B000F0003818002008002008002008041010C0
:10A4C00007FFF80FFFF00000100000000000000080
:10A4D00000000007C0001FF0001230002218002208
:10A4E00008002208003208001E10000E20000000A4
:10A4F00000000000200000200800200801FFF803F1
:10A50000FFF80620080420080420080720000300A4
:10A510000000000000000000000E000E6E001FF39F
:10A520000031B10020B10020B1003191001F1300B3
:10A530002E1E00200E00300000000004000807FF5F
:10A54000F80FFFF80010080020000020000020088D
:10A55000003FF8001FF800000800000000000000A5
:10A560000000002008002008002008063FF8063FF1
:10A57000F8000008000008000008000000000000CB
:10A5800000000000000000000300000300200100A4
:10A590002001002003063FFE063FFC0000000000F3
:10A5A0000000000000000004000807FFF80FFFF89B
:10A5B000000188000300002FC00038F80020380098
:10A5C0002008000008000000000000000000040057
:10A5D0000804000804000807FFF80FFFF80000084F
:10A5E0000000080000080000000000000020080033
:10A5F0003FF8003FF8001008002000003FF8003F3F
:10A60000F8001008002000003FF8003FF8000008A4
:10A61000000000002008003FF8003FF8001008008C
:10A620001000002000002008003FF8001FF8000084
:10A63000080000000000000007C0000FF000183004
:10A640000030080020080020080030080018300002
:10A650000FF00007C0000000000000002001003FD4
:10A66000FF003FFF00101100200900200800200813
:10A67000003038001FF0000FC00000000000000094
:10A6800007C0001FF0003818002008002008002034
:10A6900009001011001FFF003FFF00000100000033
:10A6A000002008002008002008003FF8003FF800C4
:10A6B00008080010080020080020000030000030CA
:10A6C00000000000000000000000000C78001E18D0
:10A6D0000033080023080021080021880021980089
:10A6E00030F0003860000000000000002000002072
:10A6F0000000200000FFF003FFF800200800200801
:10A7000000200800003000000000000000000000F1
:10A710002000003FF0007FF8000018000008000053
:10A7200008002010003FF8007FF00000100000003B
:10A73000000000002000003000003C00003F8000CE
:10A7400023F0000078000070002380003C000030FF
:10A7500000002000002000003C00003FE00023F843
:10A760000000E0002700003E00003FE00021F8006C
:10A7700001E0003E00002000000000002008002052
:10A7800008003838003E680027800003C8002CF815
:10A7900000383800201800200800000000000000E9
:10A7A0002000003003003C01003F830023EC000048
:10A7B00070002380003C000020000020000000000A
:10A7C0000000000000000038080020380020F800D9
:10A7D00023E8002F88003E080038080020180000F9
:10A7E00070000000000000000000000000000000F9
:10A7F0000000000008000014001FF7FC30000620D5
:10A800000002000000000000000000000000000046
:10A8100000000000000000000000FFFFFF0000003B
:10A820000000000000000000000000000000000028
:10A8300000002000023000061FF7FC001400000892
:10A840000000000000000000000000000000000008
:10A8500000000018000060000040000040000020E0
:10A8600000001000000800000400000400000C00BC
:10A870000010000094A80008000000203400000030
:10A88000328D0008C8A8000834000020DC04000055
:10A89000428D0008000000000000000000000000E1
:10A8A0000000FFFF000000000000000000000000AA
:10A8B0000000000000000000000102030401020388
:08A8C00004060708090000006E
:040000050800018965
:00000001FF
